Hour,Baseline_kW
0,30.789492347077967
1,25.120164743968488
2,19.741314070918424
3,20.784985541728084
4,24.9948756883845
5,23.931000830623343
6,32.376850932940265
7,37.46780019427418
8,44.60234035885298
9,52.782084880394244
10,67.34039429362709
11,67.86143019637416
12,73.2952638476327
13,76.20091895526858
14,75.74806881106636
15,79.11669978676076
16,79.57284289216283
17,79.9585561289213
18,79.9585561289213
19,76.00008537770636
20,73.90369474138942
21,69.36647900426246
22,63.67953509725699
23,43.82421518812585
24,37.793496870049395
25,26.664052473432008
26,20.40632132586864
27,19.103970181602094
28,21.432627346278576
29,24.31150338574571
30,29.443459827306636
31,44.83003331239904
32,42.434428899894
33,51.2107260572578
34,64.36556075711063
35,70.7457370925317
36,73.35381809088575
37,76.12209103524539
38,77.2721187875201
39,79.9585561289213
40,77.2086488395172
41,77.12981778866167
42,78.34334886622446
43,75.34945888396548
44,72.89800224610617
45,72.20094293787922
46,59.107673480894476
47,47.77434287609119
48,33.899163455277524
49,24.66114500809529
50,20.987943744354904
51,19.064856140399474
52,22.775719551737712
53,23.63626922127109
54,31.12840476705924
55,37.185058926195936
56,44.314724326215206
57,58.79444294796575
58,66.70143893200544
59,70.91519728830555
60,74.12859491996726
61,77.12277619087361
62,79.9585561289213
63,79.91501682963971
64,79.22691610002043
65,79.70618651006464
66,77.27307947643034
67,76.57670355740194
68,75.07621757806362
69,69.68670060580476
70,66.3032575340558
71,48.723704185693194
72,33.35312711550412
73,25.558068545625922
74,22.300485029578354
75,16.549001728493316
76,20.725837946439018
77,26.91476335591389
78,34.41023810338163
79,37.4795865849713
80,41.05801380168785
81,53.09008763646146
82,66.25547402567629
83,72.668176786972
84,73.05891784626434
85,79.39200391138839
86,78.2004304431084
87,79.9585561289213
88,79.9585561289213
89,79.0668329282772
90,77.16065333711337
91,74.54704111936856
92,74.59428517288805
93,70.46777551899913
94,65.4266036618229
95,43.38650426998113
96,39.79622293026905
97,29.27061582585865
98,21.735238665370183
99,18.96725868677948
100,22.110323632274255
101,26.404350684820596
102,30.392236192851932
103,43.03947072246941
104,47.05051652787268
105,51.74256168642158
106,63.0163736431484
107,72.6163295181132
108,74.9573541991293
109,77.74036731090256
110,79.9585561289213
111,79.9585561289213
112,79.9585561289213
113,78.95590076116274
114,79.4481075532389
115,75.80805596569219
116,74.15728305304138
117,68.53163499783535
118,64.2569105683145
119,51.577898938835084
120,34.598783010323714
121,28.90562796061196
122,22.786292116760194
123,19.145624999034194
124,22.129644183511907
125,25.00096164855983
126,29.82840952818858
127,37.39070103379458
128,46.04170503559988
129,64.91096974818548
130,64.52571288828315
131,72.43554554695888
132,73.70676988911217
133,77.41902698339621
134,78.65785068770629
135,79.9585561289213
136,79.9585561289213
137,79.9585561289213
138,78.26575362040595
139,75.52636263595639
140,74.71864145772149
141,71.30546508848578
142,65.07280227789497
143,53.770779127947115
144,36.965038502131684
145,27.843840819455576
146,25.363550067178295
147,21.18827300081709
148,19.80133097054246
149,26.2065159720785
150,30.46739329126382
151,46.068850815475386
152,47.51748608423959
153,52.110595017342014
154,68.42404662430798
155,73.14943237811855
156,74.1901417002376
157,76.10620265182712
158,79.9585561289213
159,79.02860634221904
160,79.9585561289213
161,79.9585561289213
162,79.9585561289213
163,75.72439386407211
164,73.73633133507577
165,71.20475251125185
166,66.03754577714263
167,54.860476725977044
168,38.32211565904291
169,24.67165277993451
170,25.78500051667787
171,24.22621876511471
172,23.046031723296426
173,27.081310236969482
174,31.763331640566722
175,37.84805769311597
176,47.98498156811517
177,53.93247618830908
178,68.98202964269245
179,72.98208607808483
180,75.32340779953
181,79.14907416978744
182,79.9585561289213
183,79.9585561289213
184,79.9585561289213
185,77.87338304311547
186,79.9585561289213
187,77.36215736505832
188,74.17478681658483
189,73.14207616660934
190,64.4052658442649
191,50.46551793390978
192,38.33582520035566
193,31.18298118996824
194,24.457551722927757
195,21.138666743959043
196,19.54615153687748
197,26.06262771425221
198,28.829950236895826
199,38.25627134331437
200,44.01707975358473
201,55.67513988472584
202,70.03636736473278
203,73.6337491020684
204,77.32588176026651
205,77.10909442212989
206,78.16744353635603
207,79.9585561289213
208,79.9585561289213
209,79.9585561289213
210,79.9585561289213
211,76.80329647929918
212,74.88810945971565
213,72.83394601232906
214,66.0147525660116
215,57.42735978366221
216,40.770770022271364
217,30.76174010021386
218,22.578987596053732
219,24.575767839724996
220,23.310417757899387
221,26.725224430551386
222,30.96606009296916
223,40.66473761996746
224,47.42498118700462
225,64.16754001289763
226,67.73293578897922
227,74.18916388651198
228,74.9267162077736
229,75.92582379323116
230,78.30099621540917
231,79.9585561289213
232,79.9585561289213
233,79.8565266624711
234,78.46436348309645
235,78.5425316704223
236,75.24614257232207
237,71.76328364447741
238,68.23319005628873
239,55.576952925297874
240,42.46027822117714
241,29.323947457119854
242,27.111664143372057
243,24.525619035079032
244,22.173447234815363
245,28.12881918786254
246,28.47231363163577
247,41.24270120682937
248,49.64293196979479
249,66.64577212436429
250,71.80184154003868
251,75.66560176407503
252,75.74846254297951
253,79.62970776887438
254,79.88481230811367
255,79.9585561289213
256,79.9585561289213
257,79.9585561289213
258,79.9585561289213
259,76.20214812902256
260,75.39446935692844
261,73.09062054777549
262,68.98236888182613
263,58.11089496866397
264,42.33070739765865
265,33.7674675660337
266,25.601571287558397
267,23.275496493159782
268,21.241781206999715
269,26.00126180251374
270,29.358721546666267
271,43.69389843496581
272,53.477030542637415
273,60.37352045721144
274,69.07371680315741
275,73.1086122051842
276,76.58187053331973
277,79.9585561289213
278,79.9585561289213
279,79.9347056510639
280,79.9585561289213
281,79.9585561289213
282,79.9585561289213
283,78.89947390873826
284,75.07681679884044
285,71.29492361234588
286,67.251394356906
287,58.38037600181553
288,36.04292694993011
289,31.003034866517588
290,26.948885423382706
291,23.2261437849144
292,22.48388521571139
293,27.845920221101302
294,29.964483696348815
295,36.05263316800466
296,51.16992816839225
297,60.24658902300656
298,68.90248140500219
299,73.74371479326608
300,75.6953899506766
301,79.58636649529399
302,79.9585561289213
303,79.9585561289213
304,79.9585561289213
305,79.9585561289213
306,78.77985930258056
307,77.72476567273887
308,75.05707459571107
309,72.33900261870915
310,65.92984837719578
311,57.902720701298
312,40.74617291362648
313,35.25617007834215
314,28.77314151892094
315,22.46457019285186
316,26.495687800795576
317,27.495587662390903
318,31.89072008381223
319,42.587497389157896
320,58.9452744029422
321,64.38247996752223
322,68.41175535441148
323,75.20746086605806
324,77.6623149591397
325,78.45938863757368
326,79.9585561289213
327,79.9585561289213
328,79.9585561289213
329,79.9585561289213
330,79.9585561289213
331,76.38361454247557
332,76.06405622174547
333,74.271683177945
334,68.6633606579274
335,53.99782527190277
336,37.0770233785155
337,28.31441203835363
338,28.36816896814643
339,26.33963301238552
340,28.326617102132012
341,29.90475614813835
342,39.5246175496527
343,47.320792640850634
344,49.00566950530154
345,68.2067399534552
346,72.59166655842954
347,74.34183713974481
348,76.10823157507187
349,79.49739135820879
350,79.9585561289213
351,79.9585561289213
352,79.9585561289213
353,79.9585561289213
354,79.9585561289213
355,76.55259249804064
356,76.0843135489962
357,73.94046100210561
358,68.73839585147243
359,62.782395110275935
360,42.97670744881596
361,30.89134009210445
362,27.369785994788344
363,24.376357165813495
364,25.63057003322497
365,30.63116512215355
366,31.9613345502558
367,45.26352074594778
368,52.95220519611757
369,66.77518722109647
370,72.9443232789344
371,74.8317599984617
372,78.92179709713709
373,77.95098251094367
374,79.9585561289213
375,79.9585561289213
376,79.9585561289213
377,79.9585561289213
378,79.7791140742892
379,79.9585561289213
380,76.85758783309655
381,73.11040014215656
382,68.2453153062471
383,56.70530364746671
384,39.86825903120732
385,35.86444795296652
386,28.389574685651002
387,29.490912257246737
388,33.089545977961905
389,32.518694707895925
390,30.876808478551464
391,48.76350364192427
392,58.59934514626579
393,67.42371891786549
394,72.61836432776317
395,74.52265060792959
396,77.46863530671183
397,79.64951911302349
398,79.9585561289213
399,79.9585561289213
400,79.9585561289213
401,79.9585561289213
402,78.77669455076138
403,76.47529218988099
404,75.59130746777255
405,73.6587408923512
406,71.79983272806214
407,63.63525277378367
408,41.88405104187008
409,34.34730708843772
410,31.26324596067229
411,30.736524136666993
412,28.596938952554076
413,35.95313654452505
414,36.61267066187672
415,42.54318223143147
416,61.53873411344335
417,69.7399037756951
418,72.04676072503568
419,74.77573069972959
420,77.20363653989997
421,79.9585561289213
422,79.9585561289213
423,79.9585561289213
424,79.9585561289213
425,79.9585561289213
426,79.9585561289213
427,78.72931914885586
428,77.83479777776876
429,73.56060679816179
430,68.20860202596249
431,57.65695537836713
432,42.53649081503988
433,37.66602793952317
434,29.26184429172059
435,26.093427015334434
436,28.32313550848889
437,31.84859615458202
438,36.98345800253043
439,46.219254827700915
440,62.61710688496995
441,68.38751860271813
442,73.2722058802955
443,75.75429807549219
444,77.23477864816039
445,78.93798946310997
446,79.9585561289213
447,79.9585561289213
448,79.9585561289213
449,79.9585561289213
450,79.9585561289213
451,78.97899519673363
452,75.93051452272034
453,73.75378978914169
454,69.47259676074812
455,54.00034871579812
456,50.17645498748129
457,33.3065303219005
458,28.554601568851268
459,29.142460481630646
460,27.532331501138295
461,36.93119747401335
462,39.69080897122802
463,52.446658324570464
464,62.80105925109989
465,69.9526131117673
466,73.65324130006111
467,76.25445034952037
468,77.78819381619653
469,77.8750508449667
470,79.9585561289213
471,79.9585561289213
472,79.9585561289213
473,79.9585561289213
474,79.9585561289213
475,79.25093919852168
476,74.97852891338978
477,74.46598970991134
478,71.78585935761512
479,63.8774279775241
480,49.07623967512709
481,30.91747400705736
482,30.26625520639533
483,27.462985348571355
484,29.19346893402618
485,32.32028659717034
486,41.169978166631196
487,45.27038366226343
488,66.19254867137246
489,70.0707590392838
490,74.34990752292991
491,76.3208286124545
492,78.5528806006565
493,79.1968082381683
494,79.9585561289213
495,79.9585561289213
496,79.9585561289213
497,79.9585561289213
498,79.9585561289213
499,79.9585561289213
500,76.50329586905046
501,75.0993696342036
502,72.40475569292677
503,56.001693052117474
504,46.74608330423741
505,31.75132713156909
506,29.242267516412323
507,29.105840980837783
508,32.45269815873655
509,34.81870184895663
510,39.33341374588959
511,51.36900703219266
512,64.27830271633283
513,71.76426065175534
514,73.0547498407475
515,75.96664268082498
516,78.3589930167418
517,79.9585561289213
518,79.9585561289213
519,79.9585561289213
520,79.9585561289213
521,79.9585561289213
522,79.9585561289213
523,77.73670362104018
524,76.15903675299397
525,73.01577719693677
526,69.51857979813694
527,61.11434860805476
528,47.861671118657625
529,38.18681313452305
530,32.09244163460463
531,30.35055372413645
532,35.18400610882549
533,38.14961763441196
534,41.82288431342625
535,54.18323968182286
536,63.9620182334477
537,70.87294262290573
538,74.52311798733048
539,75.99961533480794
540,78.15957768325445
541,79.9585561289213
542,79.9585561289213
543,79.9585561289213
544,79.9585561289213
545,79.9585561289213
546,79.9585561289213
547,79.9585561289213
548,77.85436116237652
549,74.06490185405492
550,70.95994324281209
551,61.317551823320734
552,39.95445166590398
553,39.71737594337044
554,31.574699151009217
555,29.7298512254987
556,32.137789982904835
557,37.69735669947595
558,42.78166483794534
559,57.9273975762386
560,66.54310662154222
561,72.87664740550339
562,74.50771707212434
563,77.21441406092312
564,79.4459387225268
565,79.9585561289213
566,79.9585561289213
567,79.9585561289213
568,79.9585561289213
569,79.9585561289213
570,79.9585561289213
571,79.9585561289213
572,79.1713282250092
573,75.195379031017
574,70.66742801141595
575,59.37192092648613
576,49.98566814260929
577,41.7167567155667
578,37.57079333948597
579,33.073402386450006
580,32.924611511815094
581,37.22658985066326
582,42.73039470278364
583,52.16947415894104
584,67.09033564511026
585,72.19904413529277
586,73.88464253552728
587,76.68933783833751
588,79.0878016332294
589,79.9585561289213
590,79.9585561289213
591,79.9585561289213
592,79.9585561289213
593,79.9585561289213
594,79.9585561289213
595,79.9585561289213
596,77.60726817633366
597,73.98823460677994
598,69.59713131104155
599,65.30701541218835
600,47.555149767224464
601,38.12415878940916
602,34.77587944803942
603,29.716772731717473
604,33.373618046658194
605,41.273170923832865
606,48.86704145275379
607,53.40036273151559
608,65.4707684879233
609,72.69636411032296
610,74.27211013681963
611,76.69091567481023
612,79.7499313018277
613,79.9585561289213
614,79.9585561289213
615,79.9585561289213
616,79.9585561289213
617,79.9585561289213
618,79.9585561289213
619,79.9585561289213
620,78.5513589347213
621,75.12010682786952
622,72.35466334986958
623,61.86260497592314
624,53.27106019474298
625,44.3784121229796
626,34.85463802600771
627,32.64916771017658
628,36.220248979908526
629,37.85398307980585
630,44.20697474457259
631,57.5961400577575
632,67.05968853097049
633,72.32538926682416
634,75.30777337450901
635,77.45756549263156
636,79.65709064109124
637,79.9585561289213
638,79.9585561289213
639,79.9585561289213
640,79.9585561289213
641,79.9585561289213
642,79.9585561289213
643,79.9585561289213
644,77.6141603584898
645,72.67967541464152
646,70.78964690027081
647,66.97708852164676
648,49.29487898209424
649,43.44861727607762
650,32.06542057986585
651,30.937223060523472
652,35.26769436508194
653,40.719357128825266
654,43.09555744731169
655,58.27161088307174
656,66.43964669875248
657,73.31118257750276
658,72.98609093493687
659,78.37069516898426
660,79.9585561289213
661,79.9585561289213
662,79.9585561289213
663,79.9585561289213
664,79.9585561289213
665,79.9585561289213
666,79.9585561289213
667,79.9585561289213
668,76.53639749099682
669,75.1055218019525
670,70.74798667432842
671,66.09374736139016
672,52.859307366100886
673,38.71357959638209
674,35.17449994113707
675,31.5573513628439
676,32.729809736689354
677,39.210525925765054
678,52.985928203857455
679,55.098243493268825
680,69.21748491727502
681,73.00152868926956
682,75.12134604509669
683,76.027630654397
684,79.9585561289213
685,79.9585561289213
686,79.9585561289213
687,79.9585561289213
688,79.9585561289213
689,79.9585561289213
690,79.9585561289213
691,79.9585561289213
692,79.0742205918601
693,74.43630459046595
694,73.19936897296311
695,64.30837667270143
696,50.91423887213779
697,43.90392837034731
698,39.65586910898196
699,34.63043070656238
700,38.99939057407252
701,42.158192372308115
702,56.98813142265127
703,60.745992027961776
704,66.69222365275134
705,71.06597121303578
706,74.46096166723852
707,77.79387700505927
708,79.9585561289213
709,79.9585561289213
710,79.9585561289213
711,79.9585561289213
712,79.9585561289213
713,79.9585561289213
714,79.9585561289213
715,79.9585561289213
716,78.21122193101218
717,74.8724198993075
718,73.39305632459352
719,65.85766829818425
720,55.68135144794389
721,41.15732951012379
722,37.00368949679688
723,35.01320189088875
724,36.54920213965303
725,42.9606619465279
726,51.28201693698419
727,64.26734695382673
728,68.10800691207558
729,72.9439279970363
730,75.20342091060303
731,79.9585561289213
732,79.9585561289213
733,79.9585561289213
734,79.9585561289213
735,79.9585561289213
736,79.9585561289213
737,79.9585561289213
738,79.9585561289213
739,79.9585561289213
740,76.82920554677914
741,76.17089789820525
742,72.9413980707614
743,65.42713980925627
744,63.414531863456304
745,44.09552523096018
746,36.324585785683524
747,34.519956661922244
748,39.299847916330414
749,38.68085296031419
750,48.2425639007178
751,62.18410445437746
752,67.19506919343922
753,73.18963016596894
754,75.5386746177262
755,77.1969918772212
756,79.9585561289213
757,79.9585561289213
758,79.9585561289213
759,79.9585561289213
760,79.9585561289213
761,79.9585561289213
762,79.9585561289213
763,79.9585561289213
764,78.66840043351321
765,74.23019986449094
766,73.31108406900239
767,66.93585511304025
768,52.27272996765436
769,42.7004255119423
770,38.199336664967774
771,31.979818891655544
772,33.21002929452061
773,39.87398305174434
774,56.440486404569256
775,63.029689815208904
776,70.72197340194813
777,73.76686778516726
778,77.4312694268778
779,79.28965540207953
780,79.9585561289213
781,79.9585561289213
782,79.9585561289213
783,79.9585561289213
784,79.9585561289213
785,79.9585561289213
786,79.9585561289213
787,79.9585561289213
788,79.9585561289213
789,75.7156352477249
790,72.96268125698009
791,63.89646305042149
792,50.46238979132377
793,45.220000031362595
794,34.881965373431015
795,40.63889731687014
796,43.55505539624816
797,42.46839781630185
798,53.47325902203897
799,62.15869131291375
800,68.91210989400427
801,74.35205525786493
802,75.62951136210567
803,79.9585561289213
804,79.9585561289213
805,79.9585561289213
806,79.9585561289213
807,79.9585561289213
808,79.9585561289213
809,79.9585561289213
810,79.9585561289213
811,79.9585561289213
812,77.76136962125189
813,75.81848679823139
814,71.49584827882508
815,69.49142178430095
816,57.613925109592316
817,48.65315518023402
818,35.51398646380498
819,34.24844161418584
820,38.82982124936209
821,41.63517974309984
822,51.809368986938466
823,66.47692339362162
824,70.25375806312884
825,73.14455345487788
826,76.37259420031205
827,79.9585561289213
828,79.9585561289213
829,79.9585561289213
830,79.9585561289213
831,79.9585561289213
832,79.9585561289213
833,79.9585561289213
834,79.9585561289213
835,79.9585561289213
836,79.9585561289213
837,75.5416889946834
838,74.24100288606026
839,67.43839411067854
840,63.674689463984215
841,47.67344324234945
842,42.40258818297549
843,42.36041985968905
844,42.137926624341176
845,47.38596415269963
846,48.5543989879248
847,64.13174569091653
848,67.45820198109168
849,73.12121498923717
850,76.71921474177954
851,77.05665868579408
852,79.9585561289213
853,79.9585561289213
854,79.9585561289213
855,79.9585561289213
856,79.9585561289213
857,79.9585561289213
858,79.9585561289213
859,79.9585561289213
860,79.9585561289213
861,74.64749901791404
862,72.3921459727297
863,70.39123701719797
864,48.094000847083954
865,44.54930428610115
866,38.519321013226985
867,35.22099245964989
868,40.26967181848775
869,51.292262844325755
870,49.224043981530684
871,61.985281170616595
872,70.35961224051289
873,73.88131325006952
874,76.31716487780588
875,76.5979432631911
876,79.9585561289213
877,79.9585561289213
878,79.9585561289213
879,79.9585561289213
880,79.9585561289213
881,79.9585561289213
882,79.9585561289213
883,79.9585561289213
884,79.50121354084057
885,75.88666549793514
886,74.20402050598548
887,68.154626972846
888,62.936115457596095
889,49.53975209917156
890,39.53820314446286
891,39.36926762500533
892,41.47554113049101
893,44.4556423287499
894,61.14464159962236
895,66.2016800749402
896,71.98687822428418
897,74.10065810850205
898,76.44656496885632
899,78.71240131610392
900,79.9585561289213
901,79.9585561289213
902,79.9585561289213
903,79.9585561289213
904,79.9585561289213
905,79.9585561289213
906,79.9585561289213
907,79.9585561289213
908,78.65305761917496
909,76.14416146024574
910,74.4662396257991
911,68.9937433415588
912,54.154414438004025
913,50.10067959496504
914,40.7177803248115
915,39.24695553904574
916,42.471276189818404
917,61.35271659914726
918,62.43519471318054
919,63.15046618171124
920,72.98342832912822
921,73.3417781559601
922,76.43083826007488
923,79.9585561289213
924,79.9585561289213
925,79.9585561289213
926,79.9585561289213
927,79.9585561289213
928,79.9585561289213
929,79.9585561289213
930,79.9585561289213
931,79.9585561289213
932,77.19469494189397
933,76.96127744600498
934,74.11089357389803
935,67.16848185922994
936,55.42399600147576
937,51.163973004407616
938,41.39909424771156
939,41.26167187987095
940,40.31182012547792
941,53.97912772207517
942,56.55449911956003
943,65.790138014774
944,71.46242295571766
945,73.21278003770738
946,75.98056541743992
947,79.9547700269381
948,79.9585561289213
949,79.9585561289213
950,79.9585561289213
951,79.9585561289213
952,79.9585561289213
953,79.9585561289213
954,79.9585561289213
955,79.9585561289213
956,79.9585561289213
957,75.02967994927334
958,74.42362401524296
959,69.50456735551532
960,55.30571004462728
961,45.38413437857357
962,40.20844965476658
963,39.91859339661255
964,41.295082197522326
965,49.501585228753946
966,55.85817113199182
967,67.97243350092299
968,72.35218614101886
969,74.38167545056538
970,77.02060357987527
971,79.35951568726176
972,79.9585561289213
973,79.9585561289213
974,79.9585561289213
975,79.9585561289213
976,79.9585561289213
977,79.9585561289213
978,79.9585561289213
979,79.9585561289213
980,79.9585561289213
981,77.1274605357686
982,74.12258358300149
983,70.63888342003935
984,63.916962567753664
985,51.683077726498425
986,44.39051578068114
987,39.141924028312616
988,40.39944491303586
989,44.049894097699934
990,60.63150682391636
991,69.74435533190982
992,70.5934476954057
993,74.69056253828026
994,78.76107072733629
995,79.9585561289213
996,79.9585561289213
997,79.9585561289213
998,79.9585561289213
999,79.9585561289213
1000,79.9585561289213
1001,79.9585561289213
1002,79.9585561289213
1003,79.9585561289213
1004,78.42285210791404
1005,78.82771315676861
1006,72.90917323599592
1007,71.547362482558
1008,63.183714411257455
1009,51.52689476396093
1010,48.3584937568398
1011,45.41323203762648
1012,44.43781104192647
1013,51.66819781933438
1014,63.68953313735237
1015,68.53584965728012
1016,72.83116693452402
1017,73.82653348558452
1018,75.87274519474721
1019,79.9585561289213
1020,79.9585561289213
1021,79.9585561289213
1022,79.9585561289213
1023,79.9585561289213
1024,79.9585561289213
1025,79.9585561289213
1026,79.9585561289213
1027,79.9585561289213
1028,79.9585561289213
1029,76.98802976464465
1030,73.4360699637399
1031,69.12064506041133
1032,62.789679874613725
1033,55.962896054752
1034,45.16762027429403
1035,41.24722186873137
1036,46.8878021832156
1037,57.134439198454295
1038,58.39203136828767
1039,67.44636980477483
1040,73.29315901733634
1041,73.6381914770881
1042,78.76651268784644
1043,79.9585561289213
1044,79.9585561289213
1045,79.9585561289213
1046,79.9585561289213
1047,79.9585561289213
1048,79.9585561289213
1049,79.9585561289213
1050,79.9585561289213
1051,79.9585561289213
1052,79.9585561289213
1053,77.00722905378362
1054,72.95719184438366
1055,70.85247761800633
1056,61.38098884509214
1057,46.56928490963261
1058,47.04778838953708
1059,44.65257120190492
1060,43.408930091622736
1061,50.31807354145751
1062,59.065252281345494
1063,69.20689576102535
1064,72.77627826424548
1065,74.78974029086157
1066,76.29205692729303
1067,79.9585561289213
1068,79.9585561289213
1069,79.9585561289213
1070,79.9585561289213
1071,79.9585561289213
1072,79.9585561289213
1073,79.9585561289213
1074,79.9585561289213
1075,79.9585561289213
1076,79.9585561289213
1077,77.90915501600634
1078,74.5469093943923
1079,70.86298945206819
1080,64.42129441867007
1081,45.949521097480236
1082,42.12778067575668
1083,44.194749793332846
1084,43.44985196986424
1085,52.30783496536853
1086,65.01482504053781
1087,71.02971707717242
1088,72.6014506522465
1089,75.43397284149651
1090,79.66218921896885
1091,79.9585561289213
1092,79.9585561289213
1093,79.9585561289213
1094,79.9585561289213
1095,79.9585561289213
1096,79.9585561289213
1097,79.9585561289213
1098,79.9585561289213
1099,79.9585561289213
1100,79.83866914661289
1101,77.97681727046184
1102,74.05123676333474
1103,70.18917022209051
1104,65.33193518813356
1105,55.64480969162912
1106,40.463552125672564
1107,42.248085066929
1108,45.712427517641906
1109,53.810626282219545
1110,61.36314313485291
1111,66.84762136133914
1112,72.70928447230372
1113,77.0054341640746
1114,77.58972613136096
1115,79.9585561289213
1116,79.9585561289213
1117,79.9585561289213
1118,79.9585561289213
1119,79.9585561289213
1120,79.9585561289213
1121,79.9585561289213
1122,79.9585561289213
1123,79.9585561289213
1124,79.9585561289213
1125,76.34558471527102
1126,73.33930132183836
1127,68.91762349022916
1128,67.41746481142057
1129,52.23821108797144
1130,39.574281661565436
1131,46.215170033195534
1132,47.99134479000689
1133,57.20587565638011
1134,65.55308112898096
1135,71.35411147803077
1136,73.75314408722649
1137,75.19856426700068
1138,78.63077670132404
1139,79.9585561289213
1140,79.9585561289213
1141,79.9585561289213
1142,79.9585561289213
1143,79.9585561289213
1144,79.9585561289213
1145,79.9585561289213
1146,79.9585561289213
1147,79.9585561289213
1148,79.9585561289213
1149,78.44139801038773
1150,74.25491616586578
1151,68.71141255652766
1152,66.22283325651131
1153,54.923987204131
1154,46.88781012337525
1155,44.08925423322882
1156,52.7237433966706
1157,50.9989819077781
1158,62.55915970118965
1159,72.47712769958474
1160,72.32600069625494
1161,74.94666342013296
1162,78.26164690424542
1163,79.9585561289213
1164,79.9585561289213
1165,79.9585561289213
1166,79.9585561289213
1167,79.9585561289213
1168,79.9585561289213
1169,79.9585561289213
1170,79.9585561289213
1171,79.9585561289213
1172,79.9585561289213
1173,77.79047025393314
1174,74.17204216954029
1175,69.54332249998532
1176,60.86965788821797
1177,58.28221491328571
1178,45.92618606329824
1179,52.461182187631564
1180,50.64533789826805
1181,58.86196961116649
1182,68.2957475450628
1183,71.87751136400166
1184,72.6983421092478
1185,74.10745976529357
1186,77.89677231023505
1187,79.9585561289213
1188,79.9585561289213
1189,79.9585561289213
1190,79.9585561289213
1191,79.9585561289213
1192,79.9585561289213
1193,79.9585561289213
1194,79.9585561289213
1195,79.9585561289213
1196,79.9585561289213
1197,78.61739512964814
1198,73.7799077480399
1199,67.09564874653077
1200,67.81017815559096
1201,58.609354398749886
1202,44.559978433871784
1203,44.58048120092171
1204,48.450850470805435
1205,55.73610961534798
1206,67.9013912350012
1207,69.5609174272191
1208,73.18171285404428
1209,76.49236358979509
1210,79.9585561289213
1211,79.9585561289213
1212,79.9585561289213
1213,79.9585561289213
1214,79.9585561289213
1215,79.9585561289213
1216,79.9585561289213
1217,79.9585561289213
1218,79.9585561289213
1219,79.9585561289213
1220,79.9585561289213
1221,77.1655177441977
1222,74.23819730330393
1223,72.40043654101441
1224,67.11591762300657
1225,57.75669678924539
1226,51.65209961928606
1227,42.79333247554925
1228,53.59392316986966
1229,54.6700113317994
1230,67.34108838688122
1231,70.88629670252973
1232,73.71860790306665
1233,76.89548959695144
1234,79.63451715700465
1235,79.9585561289213
1236,79.9585561289213
1237,79.9585561289213
1238,79.9585561289213
1239,79.9585561289213
1240,79.9585561289213
1241,79.9585561289213
1242,79.9585561289213
1243,79.9585561289213
1244,79.91665115304633
1245,78.2746709066672
1246,74.51280763299019
1247,71.41965409948641
1248,65.68094031401844
1249,59.40603288263349
1250,49.03047813679751
1251,48.99539020262439
1252,48.18154658610857
1253,54.434249219700085
1254,67.65647706418017
1255,70.53336382863115
1256,72.34289990607495
1257,76.29457256621721
1258,78.06905060277437
1259,79.9585561289213
1260,79.9585561289213
1261,79.9585561289213
1262,79.9585561289213
1263,79.9585561289213
1264,79.9585561289213
1265,79.9585561289213
1266,79.9585561289213
1267,79.9585561289213
1268,79.9585561289213
1269,78.047500856409
1270,74.99554135596402
1271,72.64207629599403
1272,70.19793920324965
1273,52.625039929678586
1274,44.07524435110807
1275,47.98747229825319
1276,49.3844884904282
1277,67.12530349588654
1278,69.23957648771909
1279,70.29705623045177
1280,74.41719142950556
1281,76.95210882782573
1282,79.95533999049539
1283,79.78040996341849
1284,79.9585561289213
1285,79.9585561289213
1286,79.9585561289213
1287,79.9585561289213
1288,79.9585561289213
1289,79.9585561289213
1290,79.9585561289213
1291,79.9585561289213
1292,79.9585561289213
1293,78.70104948123597
1294,75.04669964493374
1295,70.98430658714511
1296,67.62142875880127
1297,53.12896908431151
1298,43.80900395771226
1299,44.66980103317239
1300,52.7341089586533
1301,57.852142179188775
1302,66.62316559532736
1303,71.45164973162412
1304,73.74301791069531
1305,76.06824577366034
1306,79.9585561289213
1307,79.9585561289213
1308,79.9585561289213
1309,79.9585561289213
1310,79.9585561289213
1311,79.9585561289213
1312,79.9585561289213
1313,79.9585561289213
1314,79.9585561289213
1315,79.9585561289213
1316,79.9585561289213
1317,78.40097947779942
1318,73.34047059840393
1319,72.37315591880241
1320,67.53999682856694
1321,57.16905642192946
1322,43.98016935014121
1323,49.17841153728004
1324,50.82913243664555
1325,59.40815117325415
1326,65.3736952669188
1327,72.6841544431053
1328,72.9556329921156
1329,74.98005992996254
1330,79.64614817048998
1331,79.9585561289213
1332,79.9585561289213
1333,79.9585561289213
1334,79.9585561289213
1335,79.9585561289213
1336,79.9585561289213
1337,79.9585561289213
1338,79.9585561289213
1339,79.9585561289213
1340,79.37564302091936
1341,76.620221323273
1342,74.93040294668563
1343,71.6342502280545
1344,69.14280610997466
1345,54.65201677794204
1346,44.79465504655192
1347,45.02955372927977
1348,47.231443483330146
1349,57.43021203699365
1350,66.07034307986318
1351,71.05273380751666
1352,75.12492663825525
1353,77.52629040295024
1354,79.9585561289213
1355,79.9585561289213
1356,79.9585561289213
1357,79.9585561289213
1358,79.9585561289213
1359,79.9585561289213
1360,79.9585561289213
1361,79.9585561289213
1362,79.9585561289213
1363,79.9585561289213
1364,79.9585561289213
1365,79.09573587782364
1366,75.0648077301044
1367,72.2542554566888
1368,69.06822993568227
1369,55.44048336740946
1370,40.43588577655915
1371,49.95765866882914
1372,53.373640935771554
1373,63.0393075992412
1374,69.44100459449224
1375,72.03305762055687
1376,74.49244466189154
1377,77.06712307373753
1378,79.9585561289213
1379,79.9585561289213
1380,79.9585561289213
1381,79.9585561289213
1382,79.9585561289213
1383,79.9585561289213
1384,79.9585561289213
1385,79.9585561289213
1386,79.9585561289213
1387,79.9585561289213
1388,79.9585561289213
1389,77.80227146893473
1390,73.4776943144679
1391,72.57990984398096
1392,67.36166809018054
1393,65.12822030772945
1394,47.29982849443277
1395,51.20721947687373
1396,54.512250117762335
1397,64.5643123850738
1398,66.93882381289603
1399,72.26538314066403
1400,73.70314711239966
1401,78.4863017743862
1402,79.9585561289213
1403,79.9585561289213
1404,79.9585561289213
1405,79.9585561289213
1406,79.9585561289213
1407,79.9585561289213
1408,79.9585561289213
1409,79.9585561289213
1410,79.9585561289213
1411,79.9585561289213
1412,79.9585561289213
1413,79.9585561289213
1414,73.00549230209204
1415,72.55422337575494
1416,64.97107535471076
1417,61.1415806718562
1418,54.50940221571194
1419,51.47745528170907
1420,50.09596170081532
1421,63.25506906026585
1422,68.7345892604958
1423,71.44818615890418
1424,73.8081678571567
1425,78.07793450210991
1426,79.9585561289213
1427,79.9585561289213
1428,79.9585561289213
1429,79.9585561289213
1430,79.9585561289213
1431,79.9585561289213
1432,79.9585561289213
1433,79.9585561289213
1434,79.9585561289213
1435,79.9585561289213
1436,79.9585561289213
1437,79.79486609600723
1438,74.77823773067433
1439,72.35666482442423
1440,66.09338390337338
1441,60.78943681365028
1442,53.9238651722703
1443,54.710100653633184
1444,52.99942904386798
1445,60.3951063437892
1446,68.9868930412268
1447,73.00538737021509
1448,74.40203706103118
1449,78.88912116181487
1450,79.9585561289213
1451,79.9585561289213
1452,79.9585561289213
1453,79.9585561289213
1454,79.9585561289213
1455,79.9585561289213
1456,79.9585561289213
1457,79.9585561289213
1458,79.9585561289213
1459,79.9585561289213
1460,79.9585561289213
1461,79.9585561289213
1462,74.38468835043828
1463,72.35167216793857
1464,56.17710472818218
1465,56.60912296776802
1466,52.21070119574328
1467,56.387779564536714
1468,60.217740502769814
1469,63.56785700959569
1470,66.70933946690927
1471,71.0392105337423
1472,75.13396507501447
1473,77.87510761322909
1474,79.9585561289213
1475,79.9585561289213
1476,79.9585561289213
1477,79.9585561289213
1478,79.9585561289213
1479,79.9585561289213
1480,79.9585561289213
1481,79.9585561289213
1482,79.9585561289213
1483,79.9585561289213
1484,79.9585561289213
1485,79.9585561289213
1486,74.62233127909367
1487,73.12800892048637
1488,67.79938437979396
1489,59.37300991372922
1490,50.56372355606681
1491,47.999899805334564
1492,55.21863618905486
1493,61.538264289169454
1494,71.58451735948178
1495,72.44711253847451
1496,75.6002396088594
1497,79.20755086857676
1498,79.7873299937034
1499,79.9585561289213
1500,79.9585561289213
1501,79.9585561289213
1502,79.9585561289213
1503,79.9585561289213
1504,79.9585561289213
1505,79.9585561289213
1506,79.9585561289213
1507,79.9585561289213
1508,79.9585561289213
1509,79.9585561289213
1510,74.72306783170437
1511,72.70244332186849
1512,67.62698651515518
1513,58.77879264333485
1514,50.53043258866281
1515,50.4253764875434
1516,51.34464255114854
1517,64.11351935740485
1518,67.12641860796252
1519,73.79635695267552
1520,75.91011688356538
1521,79.9585561289213
1522,79.9585561289213
1523,79.9585561289213
1524,79.9585561289213
1525,79.9585561289213
1526,79.9585561289213
1527,79.9585561289213
1528,79.9585561289213
1529,79.9585561289213
1530,79.9585561289213
1531,79.9585561289213
1532,79.9585561289213
1533,79.9585561289213
1534,76.23922839139121
1535,72.39946943949407
1536,66.48433059501761
1537,64.60729891518562
1538,53.40739777265127
1539,53.023052810716514
1540,57.92693092007168
1541,64.61863514225168
1542,68.72283537407881
1543,72.88171298257744
1544,75.36148194814723
1545,77.24831899087073
1546,79.9585561289213
1547,79.9585561289213
1548,79.9585561289213
1549,79.9585561289213
1550,79.9585561289213
1551,79.9585561289213
1552,79.9585561289213
1553,79.9585561289213
1554,79.9585561289213
1555,79.9585561289213
1556,79.9585561289213
1557,79.9585561289213
1558,75.82948272111666
1559,72.26927087440251
1560,65.59053403791869
1561,62.725133551183134
1562,54.291682833896644
1563,54.252130576215585
1564,57.82748026943879
1565,66.94604819761108
1566,69.6113851300294
1567,73.48691328389513
1568,74.86815092949568
1569,77.20674516902562
1570,79.9585561289213
1571,79.9585561289213
1572,79.9585561289213
1573,79.9585561289213
1574,79.9585561289213
1575,79.9585561289213
1576,79.9585561289213
1577,79.9585561289213
1578,79.9585561289213
1579,79.9585561289213
1580,79.9585561289213
1581,77.02505281786772
1582,76.97565086160483
1583,72.64212566153768
1584,69.71290456762918
1585,64.46076485768343
1586,52.37253857596997
1587,62.23924950379132
1588,57.91468586252037
1589,64.73318787375236
1590,70.19095793086228
1591,73.66319497512785
1592,75.8922650148981
1593,76.88021961457703
1594,79.9585561289213
1595,79.9585561289213
1596,79.9585561289213
1597,79.9585561289213
1598,79.9585561289213
1599,79.9585561289213
1600,79.9585561289213
1601,79.9585561289213
1602,79.9585561289213
1603,79.9585561289213
1604,79.9585561289213
1605,79.9585561289213
1606,76.42593750817792
1607,72.54760625115743
1608,67.89519493471724
1609,59.69323283584581
1610,54.57285111563533
1611,50.7560564901498
1612,54.819793871844745
1613,63.14137023036862
1614,69.17200543329497
1615,73.88825042926524
1616,75.94837483882165
1617,78.64304077535782
1618,79.9585561289213
1619,79.9585561289213
1620,79.9585561289213
1621,79.9585561289213
1622,79.9585561289213
1623,79.9585561289213
1624,79.9585561289213
1625,79.9585561289213
1626,79.9585561289213
1627,79.9585561289213
1628,79.9585561289213
1629,79.9585561289213
1630,75.49900996109847
1631,70.89184009859872
1632,66.48252985036316
1633,59.11207725482803
1634,53.36277142917222
1635,59.17004982656164
1636,61.05720335621014
1637,66.14949322045666
1638,70.57331694724114
1639,72.8506984442456
1640,74.90586632653067
1641,79.9585561289213
1642,79.9585561289213
1643,79.9585561289213
1644,79.9585561289213
1645,79.9585561289213
1646,79.9585561289213
1647,79.9585561289213
1648,79.9585561289213
1649,79.9585561289213
1650,79.9585561289213
1651,79.9585561289213
1652,79.9585561289213
1653,79.9585561289213
1654,75.6360759565836
1655,73.34909965329952
1656,68.65315751146167
1657,62.73804658020223
1658,50.854020114915414
1659,56.53486121102687
1660,51.81047396200379
1661,65.88664562933045
1662,70.25902066613783
1663,73.14837811267016
1664,75.95806193608466
1665,79.06393074949526
1666,79.9585561289213
1667,79.9585561289213
1668,79.9585561289213
1669,79.9585561289213
1670,79.9585561289213
1671,79.9585561289213
1672,79.9585561289213
1673,79.9585561289213
1674,79.9585561289213
1675,79.9585561289213
1676,79.9585561289213
1677,78.54116780345385
1678,75.66146752520346
1679,72.35118512813294
1680,69.39995166269755
1681,63.88545606032601
1682,55.53097980925231
1683,61.33852561430796
1684,63.14532913602283
1685,68.19393393451627
1686,71.47960286133232
1687,73.56664515517478
1688,75.6103548200543
1689,79.34999611886343
1690,79.9585561289213
1691,79.9585561289213
1692,79.9585561289213
1693,79.9585561289213
1694,79.9585561289213
1695,79.9585561289213
1696,79.9585561289213
1697,79.9585561289213
1698,79.9585561289213
1699,79.9585561289213
1700,79.9585561289213
1701,78.83810387735733
1702,75.49960417193603
1703,72.56973916290035
1704,69.85820507205483
1705,59.15127047619406
1706,56.54505053034915
1707,53.04818390202294
1708,60.18812642678346
1709,65.87614193509361
1710,71.99963199148803
1711,73.58704239556991
1712,74.22826890983357
1713,79.9585561289213
1714,79.9585561289213
1715,79.9585561289213
1716,79.9585561289213
1717,79.9585561289213
1718,79.9585561289213
1719,79.9585561289213
1720,79.9585561289213
1721,79.9585561289213
1722,79.9585561289213
1723,79.9585561289213
1724,79.9585561289213
1725,79.45949470836459
1726,76.4839634222487
1727,72.5918717429691
1728,69.09252930025967
1729,53.7626284372898
1730,49.87778560518756
1731,50.80561648670036
1732,60.313830532658336
1733,66.87977661856158
1734,69.00236647014769
1735,73.0578785563155
1736,75.40086676698559
1737,78.17998360089359
1738,79.9585561289213
1739,79.9585561289213
1740,79.9585561289213
1741,79.9585561289213
1742,79.9585561289213
1743,79.9585561289213
1744,79.9585561289213
1745,79.9585561289213
1746,79.9585561289213
1747,79.9585561289213
1748,79.9585561289213
1749,76.92926936912542
1750,76.67608215030671
1751,73.2985661800239
1752,68.31336932028249
1753,65.72060933515523
1754,56.57003759845543
1755,55.542598656737894
1756,65.22524919749367
1757,64.2278220036969
1758,71.28311074236304
1759,74.34553060842994
1760,75.63541857237992
1761,79.81977759725748
1762,79.9585561289213
1763,79.9585561289213
1764,79.9585561289213
1765,79.9585561289213
1766,79.9585561289213
1767,79.9585561289213
1768,79.9585561289213
1769,79.9585561289213
1770,79.9585561289213
1771,79.9585561289213
1772,79.9585561289213
1773,78.38908592626085
1774,74.86511485144953
1775,72.6552615793491
1776,69.0651979317004
1777,61.82263155475329
1778,50.553747116124384
1779,56.34708336223999
1780,59.98088596822223
1781,64.03938964695107
1782,69.26624093319464
1783,72.43647411281594
1784,77.189204471087
1785,78.36814403163838
1786,79.9585561289213
1787,79.9585561289213
1788,79.9585561289213
1789,79.9585561289213
1790,79.9585561289213
1791,79.9585561289213
1792,79.9585561289213
1793,79.9585561289213
1794,79.9585561289213
1795,79.9585561289213
1796,79.9585561289213
1797,79.65641663418035
1798,76.91761425869831
1799,72.56396711442528
1800,70.06332690250227
1801,65.28947437398917
1802,57.224173412268364
1803,48.8414832213012
1804,59.42791369084461
1805,68.08156869610316
1806,72.55774230638536
1807,73.34039625643021
1808,77.11552712388148
1809,79.9585561289213
1810,79.9585561289213
1811,79.9585561289213
1812,79.9585561289213
1813,79.9585561289213
1814,79.9585561289213
1815,79.9585561289213
1816,79.9585561289213
1817,79.9585561289213
1818,79.9585561289213
1819,79.9585561289213
1820,79.9585561289213
1821,78.8351362587899
1822,76.21622111250502
1823,72.97862713546276
1824,68.75729594988758
1825,63.87304112420416
1826,55.99988759305453
1827,61.86737656327793
1828,63.95717190548197
1829,69.7574586285414
1830,72.93671339360837
1831,73.56674930719626
1832,75.80329597234972
1833,79.9585561289213
1834,79.9585561289213
1835,79.9585561289213
1836,79.9585561289213
1837,79.9585561289213
1838,79.9585561289213
1839,79.9585561289213
1840,79.9585561289213
1841,79.9585561289213
1842,79.9585561289213
1843,79.9585561289213
1844,79.9585561289213
1845,79.9585561289213
1846,75.77367822031694
1847,73.5428477209782
1848,69.73330300023997
1849,59.58606269340803
1850,61.3230931163777
1851,55.96339821122054
1852,68.07077438383328
1853,67.124707210691
1854,71.8251887547814
1855,72.60898343879735
1856,76.46344613120118
1857,79.5966287910391
1858,79.9585561289213
1859,79.9585561289213
1860,79.9585561289213
1861,79.9585561289213
1862,79.9585561289213
1863,79.9585561289213
1864,79.9585561289213
1865,79.9585561289213
1866,79.9585561289213
1867,79.9585561289213
1868,79.9585561289213
1869,79.9585561289213
1870,76.07095791286393
1871,74.46459224029992
1872,69.46012102404761
1873,59.30726076669942
1874,58.82426802276877
1875,59.02962122903659
1876,62.93548872975456
1877,68.11275755374011
1878,69.56850959882772
1879,73.248217588584
1880,76.9024763853605
1881,79.9585561289213
1882,79.9585561289213
1883,79.9585561289213
1884,79.9585561289213
1885,79.9585561289213
1886,79.9585561289213
1887,79.9585561289213
1888,79.9585561289213
1889,79.9585561289213
1890,79.9585561289213
1891,79.9585561289213
1892,79.9585561289213
1893,79.9585561289213
1894,76.32695688535162
1895,73.72926697578556
1896,69.65222356233986
1897,65.379421193345
1898,54.2571131007926
1899,53.386134024021736
1900,57.02489990919757
1901,66.72164974026559
1902,70.01642253011889
1903,72.77237483941694
1904,78.09208642163503
1905,79.9585561289213
1906,79.9585561289213
1907,79.9585561289213
1908,79.9585561289213
1909,79.9585561289213
1910,79.9585561289213
1911,79.9585561289213
1912,79.9585561289213
1913,79.9585561289213
1914,79.9585561289213
1915,79.9585561289213
1916,79.9585561289213
1917,79.61667868855636
1918,75.12710361743775
1919,73.05028436743366
1920,69.95829596769904
1921,63.236064825654566
1922,56.16783691649064
1923,55.60462373733633
1924,53.75043703325571
1925,68.9882226742533
1926,70.74085672917772
1927,74.30041908031232
1928,77.873301991002
1929,78.80327920006154
1930,79.9585561289213
1931,79.9585561289213
1932,79.9585561289213
1933,79.9585561289213
1934,79.9585561289213
1935,79.9585561289213
1936,79.9585561289213
1937,79.9585561289213
1938,79.9585561289213
1939,79.9585561289213
1940,79.9585561289213
1941,79.9585561289213
1942,77.04063670376902
1943,73.43283679820767
1944,67.83619139516689
1945,64.78269085155983
1946,62.622138996424646
1947,56.69435342053278
1948,65.4662549158866
1949,67.3043248732521
1950,71.04476232492226
1951,73.7689108959946
1952,78.01414743444762
1953,79.9585561289213
1954,79.9585561289213
1955,79.9585561289213
1956,79.9585561289213
1957,79.9585561289213
1958,79.9585561289213
1959,79.9585561289213
1960,79.9585561289213
1961,79.9585561289213
1962,79.9585561289213
1963,79.9585561289213
1964,79.9585561289213
1965,79.9585561289213
1966,75.86118626723612
1967,73.47273846506268
1968,68.36775523654788
1969,64.41983741102658
1970,58.20201315175324
1971,48.95696821699087
1972,54.705386651417605
1973,68.5573818902806
1974,70.28309234692446
1975,74.85856804905906
1976,76.34192249124165
1977,79.47187493333622
1978,79.9585561289213
1979,79.9585561289213
1980,79.9585561289213
1981,79.9585561289213
1982,79.9585561289213
1983,79.9585561289213
1984,79.9585561289213
1985,79.9585561289213
1986,79.9585561289213
1987,79.9585561289213
1988,79.9585561289213
1989,79.28091228096034
1990,75.97436150288647
1991,72.91615078070033
1992,67.77188535042976
1993,63.82324919595804
1994,64.57011830561434
1995,56.35541512406364
1996,66.84883811827835
1997,64.80445642230552
1998,71.10179955359722
1999,75.26801231213166
2000,75.40419344149717
2001,79.03721690550903
2002,79.9585561289213
2003,79.9585561289213
2004,79.9585561289213
2005,79.9585561289213
2006,79.9585561289213
2007,79.9585561289213
2008,79.9585561289213
2009,79.9585561289213
2010,79.9585561289213
2011,79.9585561289213
2012,79.9585561289213
2013,79.0049690086863
2014,78.12861050514914
2015,74.29068120045817
2016,69.22971268511213
2017,65.50786235391723
2018,63.56385362144114
2019,50.61070748785755
2020,62.93939823049762
2021,67.23040397748352
2022,72.79145386673487
2023,73.97477403506053
2024,76.93830530379634
2025,78.6460769752927
2026,79.9585561289213
2027,79.9585561289213
2028,79.9585561289213
2029,79.9585561289213
2030,79.9585561289213
2031,79.9585561289213
2032,79.9585561289213
2033,79.9585561289213
2034,79.9585561289213
2035,79.9585561289213
2036,79.9585561289213
2037,79.9585561289213
2038,77.26822592179073
2039,76.39840816795167
2040,69.62522348023627
2041,62.278481036395206
2042,64.23121751874842
2043,61.98169251285672
2044,65.69120273989617
2045,68.80308034190944
2046,72.8572722822588
2047,73.7867815750153
2048,75.68176327620978
2049,78.9939366873985
2050,79.9585561289213
2051,79.9585561289213
2052,79.9585561289213
2053,79.9585561289213
2054,79.9585561289213
2055,79.9585561289213
2056,79.9585561289213
2057,79.9585561289213
2058,79.9585561289213
2059,79.9585561289213
2060,79.9585561289213
2061,79.81478226986911
2062,77.31791529650381
2063,74.34771582243746
2064,68.13600641302115
2065,57.904970549357934
2066,58.52220565863794
2067,60.93606759331064
2068,58.67022733531137
2069,67.32725144544307
2070,72.30359278343515
2071,74.49206031039878
2072,77.77996425203504
2073,79.9585561289213
2074,79.9585561289213
2075,79.9585561289213
2076,79.9585561289213
2077,79.9585561289213
2078,79.9585561289213
2079,79.9585561289213
2080,79.9585561289213
2081,79.9585561289213
2082,79.9585561289213
2083,79.9585561289213
2084,79.9585561289213
2085,79.9585561289213
2086,77.17537664885052
2087,73.41782597969441
2088,71.56700311497723
2089,67.13871056429268
2090,58.964560356937184
2091,53.14211612120185
2092,65.29596180863713
2093,66.99982886786314
2094,72.9444344327214
2095,74.66174601565021
2096,75.74011455297115
2097,79.9585561289213
2098,79.9585561289213
2099,79.9585561289213
2100,79.9585561289213
2101,79.9585561289213
2102,79.9585561289213
2103,79.9585561289213
2104,79.9585561289213
2105,79.9585561289213
2106,79.9585561289213
2107,79.9585561289213
2108,79.9585561289213
2109,79.9585561289213
2110,77.45253015566165
2111,74.1073552514822
2112,70.67759764143933
2113,66.46822148593877
2114,58.52748640958391
2115,52.29102394947153
2116,63.890249528690276
2117,68.27378155167682
2118,71.6680207727227
2119,73.65920598647422
2120,77.32205593390344
2121,79.86728145993966
2122,79.9585561289213
2123,79.9585561289213
2124,79.9585561289213
2125,79.9585561289213
2126,79.9585561289213
2127,79.9585561289213
2128,79.9585561289213
2129,79.9585561289213
2130,79.9585561289213
2131,79.9585561289213
2132,79.9585561289213
2133,78.45195424187665
2134,77.06558517906869
2135,73.32165070114921
2136,65.35518603605165
2137,61.37185888306668
2138,61.61899919313563
2139,65.82489029999716
2140,64.16399292813807
2141,65.76463667239676
2142,72.2241634969007
2143,73.56853863701217
2144,76.76387328647235
2145,79.9585561289213
2146,79.9585561289213
2147,79.9585561289213
2148,79.9585561289213
2149,79.9585561289213
2150,79.9585561289213
2151,79.9585561289213
2152,79.9585561289213
2153,79.9585561289213
2154,79.9585561289213
2155,79.9585561289213
2156,79.9585561289213
2157,79.9585561289213
2158,76.24086824140274
2159,73.33171266486136
2160,68.48645237831448
2161,60.6329320560465
2162,59.29890581812375
2163,60.43416142996752
2164,65.2216586174151
2165,67.17920599133873
2166,70.4406001189574
2167,73.33372733683892
2168,77.19289513120432
2169,79.9585561289213
2170,79.9585561289213
2171,79.9585561289213
2172,79.9585561289213
2173,79.9585561289213
2174,79.9585561289213
2175,79.9585561289213
2176,79.9585561289213
2177,79.9585561289213
2178,79.9585561289213
2179,79.9585561289213
2180,79.9585561289213
2181,79.9585561289213
2182,75.47380985619125
2183,73.08919863544747
2184,71.57657164333096
2185,64.7781897326072
2186,61.38750386405544
2187,63.20927142782351
2188,63.88193688948445
2189,66.43005453435265
2190,73.33202400717653
2191,75.48199235862849
2192,75.90373157536789
2193,79.9585561289213
2194,79.9585561289213
2195,79.9585561289213
2196,79.9585561289213
2197,79.9585561289213
2198,79.9585561289213
2199,79.9585561289213
2200,79.9585561289213
2201,79.9585561289213
2202,79.9585561289213
2203,79.9585561289213
2204,79.9585561289213
2205,79.9585561289213
2206,78.42125630905029
2207,73.3690535185923
2208,67.7399231411941
2209,66.94421830183326
2210,52.66110931138187
2211,64.05492985062034
2212,63.33812741263038
2213,69.98681615395448
2214,72.6178980776804
2215,73.87148794720726
2216,77.86736196665613
2217,79.9585561289213
2218,79.9585561289213
2219,79.9585561289213
2220,79.9585561289213
2221,79.9585561289213
2222,79.9585561289213
2223,79.9585561289213
2224,79.9585561289213
2225,79.9585561289213
2226,79.9585561289213
2227,79.9585561289213
2228,79.9585561289213
2229,79.9585561289213
2230,77.39279803859327
2231,73.2552351457866
2232,68.88948536519729
2233,65.30514440860244
2234,62.14927995584905
2235,58.432428731988
2236,64.54559843963051
2237,69.310966413199
2238,72.29041077052376
2239,74.91311819397822
2240,78.00236450176743
2241,79.9585561289213
2242,79.9585561289213
2243,79.9585561289213
2244,79.9585561289213
2245,79.9585561289213
2246,79.9585561289213
2247,79.9585561289213
2248,79.9585561289213
2249,79.9585561289213
2250,79.9585561289213
2251,79.9585561289213
2252,79.9585561289213
2253,79.32128484553992
2254,76.78604710202492
2255,74.50990689105127
2256,72.01164330778472
2257,66.93803267049438
2258,64.72876566490588
2259,60.363921696244596
2260,64.85289640806377
2261,70.02475134499669
2262,72.12958699838498
2263,75.62090175344555
2264,78.58284905383728
2265,79.68085253564803
2266,79.9585561289213
2267,79.9585561289213
2268,79.9585561289213
2269,79.9585561289213
2270,79.9585561289213
2271,79.9585561289213
2272,79.9585561289213
2273,79.9585561289213
2274,79.9585561289213
2275,79.9585561289213
2276,79.9585561289213
2277,79.9585561289213
2278,76.46900267565093
2279,73.71143901906326
2280,70.058860866363
2281,66.85199410614554
2282,65.06724320757907
2283,58.64631523035092
2284,64.0591720029865
2285,68.29405203682454
2286,73.10231051541983
2287,76.47655701820152
2288,77.36511999225203
2289,77.36923912001616
2290,79.9585561289213
2291,79.9585561289213
2292,79.9585561289213
2293,79.9585561289213
2294,79.9585561289213
2295,79.9585561289213
2296,79.9585561289213
2297,79.9585561289213
2298,79.9585561289213
2299,79.9585561289213
2300,79.9585561289213
2301,79.9585561289213
2302,76.01247256731435
2303,73.37361312253955
2304,71.32821680016269
2305,67.19579571291018
2306,61.137083878188
2307,60.601904913623095
2308,64.42263556477235
2309,65.58883120580046
2310,72.99347158706738
2311,74.0668545916564
2312,77.9532568285346
2313,79.9585561289213
2314,79.9585561289213
2315,79.9585561289213
2316,79.9585561289213
2317,79.9585561289213
2318,79.9585561289213
2319,79.9585561289213
2320,79.9585561289213
2321,79.9585561289213
2322,79.9585561289213
2323,79.9585561289213
2324,79.9585561289213
2325,79.9585561289213
2326,78.12668597855097
2327,73.27278422782689
2328,72.79239663258748
2329,65.06280569324798
2330,56.95294883126184
2331,56.34867447668737
2332,55.84008476797948
2333,68.82462797636977
2334,69.16753773916484
2335,74.59594531388903
2336,77.52348258189201
2337,79.9585561289213
2338,79.9585561289213
2339,79.9585561289213
2340,79.9585561289213
2341,79.9585561289213
2342,79.9585561289213
2343,79.9585561289213
2344,79.9585561289213
2345,79.9585561289213
2346,79.9585561289213
2347,79.9585561289213
2348,79.9585561289213
2349,78.69927903694652
2350,76.42757029251344
2351,74.42973005881899
2352,69.90511514503812
2353,65.05691872674407
2354,63.177340322764145
2355,64.1310316270103
2356,63.93245144380972
2357,67.53976878962246
2358,73.17804681551594
2359,73.64887368946583
2360,76.64152403799226
2361,79.9585561289213
2362,79.9585561289213
2363,79.9585561289213
2364,79.9585561289213
2365,79.9585561289213
2366,79.9585561289213
2367,79.9585561289213
2368,79.9585561289213
2369,79.9585561289213
2370,79.9585561289213
2371,79.9585561289213
2372,79.9585561289213
2373,78.47234079952374
2374,77.65260035793392
2375,73.71838235529124
2376,69.33011752694459
2377,69.89990411763421
2378,61.07293223005358
2379,56.92898918185209
2380,66.20114876530836
2381,66.11238815069449
2382,71.12503609288251
2383,75.39285024999631
2384,77.87614620914772
2385,79.9585561289213
2386,79.9585561289213
2387,79.9585561289213
2388,79.9585561289213
2389,79.9585561289213
2390,79.9585561289213
2391,79.9585561289213
2392,79.9585561289213
2393,79.9585561289213
2394,79.9585561289213
2395,79.9585561289213
2396,79.9585561289213
2397,79.9585561289213
2398,77.17287676810444
2399,73.83113378323834
2400,70.3228566939134
2401,64.69223823144486
2402,57.26803699269214
2403,63.1198477643451
2404,60.1655056897245
2405,67.03966087033726
2406,72.47570980951522
2407,74.31270501254566
2408,75.7389220364811
2409,79.9585561289213
2410,79.9585561289213
2411,79.9585561289213
2412,79.9585561289213
2413,79.9585561289213
2414,79.9585561289213
2415,79.9585561289213
2416,79.9585561289213
2417,79.9585561289213
2418,79.9585561289213
2419,79.9585561289213
2420,79.9585561289213
2421,79.14872265072967
2422,76.96702990094406
2423,74.7619280348214
2424,70.57151563076316
2425,66.38066947390129
2426,59.35531075013799
2427,59.7985866569318
2428,65.48235861038754
2429,65.87339992234328
2430,73.22694293455444
2431,76.12350419849572
2432,77.84380361081496
2433,79.9585561289213
2434,79.9585561289213
2435,79.9585561289213
2436,79.9585561289213
2437,79.9585561289213
2438,79.9585561289213
2439,79.9585561289213
2440,79.9585561289213
2441,79.9585561289213
2442,79.9585561289213
2443,79.9585561289213
2444,79.9585561289213
2445,79.9585561289213
2446,78.94992519930462
2447,74.04789909649118
2448,67.89239296774272
2449,67.84440379889496
2450,59.04549639932326
2451,57.66656093922154
2452,64.11546672710946
2453,70.53750110722761
2454,72.15284927409002
2455,75.43039559247032
2456,77.20929000162411
2457,79.9585561289213
2458,79.9585561289213
2459,79.9585561289213
2460,79.9585561289213
2461,79.9585561289213
2462,79.9585561289213
2463,79.9585561289213
2464,79.9585561289213
2465,79.9585561289213
2466,79.9585561289213
2467,79.9585561289213
2468,79.9585561289213
2469,78.35368688376009
2470,76.58613578849214
2471,74.84228195158099
2472,69.27150350512441
2473,67.85126577534109
2474,60.66683741371266
2475,55.812652102221776
2476,64.83193462832963
2477,68.86268248016952
2478,72.28242001754505
2479,72.9467788097858
2480,78.87322703037577
2481,79.9585561289213
2482,79.9585561289213
2483,79.9585561289213
2484,79.9585561289213
2485,79.9585561289213
2486,79.9585561289213
2487,79.9585561289213
2488,79.9585561289213
2489,79.9585561289213
2490,79.9585561289213
2491,79.9585561289213
2492,79.9585561289213
2493,79.9585561289213
2494,76.16483612389433
2495,73.48788234570777
2496,70.50062817811782
2497,65.64638685476855
2498,60.42190518349664
2499,58.36377104978801
2500,65.42686615768983
2501,68.8711375665506
2502,72.79598065219797
2503,73.89724287792365
2504,78.20006734367256
2505,76.60839897891289
2506,79.9585561289213
2507,79.9585561289213
2508,79.9585561289213
2509,79.9585561289213
2510,79.9585561289213
2511,79.9585561289213
2512,79.9585561289213
2513,79.9585561289213
2514,79.9585561289213
2515,79.9585561289213
2516,79.9585561289213
2517,79.9585561289213
2518,75.50226557437193
2519,74.11974673905381
2520,69.6588267908324
2521,66.42040557185852
2522,66.96174860831698
2523,63.33278432935886
2524,60.6049561236374
2525,68.07961561043861
2526,72.59711191783126
2527,74.56396135935026
2528,77.13048082672961
2529,79.9585561289213
2530,79.9585561289213
2531,79.9585561289213
2532,79.9585561289213
2533,79.9585561289213
2534,79.9585561289213
2535,79.9585561289213
2536,79.9585561289213
2537,79.9585561289213
2538,79.9585561289213
2539,79.9585561289213
2540,79.9585561289213
2541,79.9585561289213
2542,78.13436017965142
2543,73.07220847370458
2544,72.2853782470054
2545,66.7928751154381
2546,65.3148427163235
2547,65.38233928167641
2548,65.08492749813466
2549,68.44954057396096
2550,72.55961163062953
2551,74.92788995190752
2552,78.35478868618314
2553,79.76427028573302
2554,79.9585561289213
2555,79.9585561289213
2556,79.9585561289213
2557,79.9585561289213
2558,79.9585561289213
2559,79.9585561289213
2560,79.9585561289213
2561,79.9585561289213
2562,79.9585561289213
2563,79.9585561289213
2564,79.9585561289213
2565,79.85614113569308
2566,78.89381565391076
2567,73.63918063476092
2568,71.33956589815377
2569,66.9037878829934
2570,64.73077810338772
2571,63.813346100020304
2572,66.30758580969979
2573,68.94342988627889
2574,71.46207080320912
2575,75.70787851652372
2576,77.41597880897933
2577,79.527244108995
2578,79.9585561289213
2579,79.9585561289213
2580,79.9585561289213
2581,79.9585561289213
2582,79.9585561289213
2583,79.9585561289213
2584,79.9585561289213
2585,79.9585561289213
2586,79.9585561289213
2587,79.9585561289213
2588,79.9585561289213
2589,79.9585561289213
2590,78.12760726240639
2591,74.6697108129104
2592,70.19831891277319
2593,64.10749141374563
2594,60.33426145969979
2595,60.84151073777265
2596,64.92278990538479
2597,68.42186434048682
2598,72.45081928564066
2599,73.93452180130961
2600,77.21127824833881
2601,79.9585561289213
2602,79.9585561289213
2603,79.9585561289213
2604,79.9585561289213
2605,79.9585561289213
2606,79.9585561289213
2607,79.9585561289213
2608,79.9585561289213
2609,79.9585561289213
2610,79.9585561289213
2611,79.9585561289213
2612,79.9585561289213
2613,79.9585561289213
2614,77.14155519927
2615,74.13408403033446
2616,69.98113954875208
2617,64.52863166460648
2618,54.5946908612124
2619,64.67546360360267
2620,63.97098839224276
2621,66.98873759972656
2622,72.72938281466986
2623,75.0671740207811
2624,76.60970945000089
2625,79.9585561289213
2626,79.9585561289213
2627,79.9585561289213
2628,79.9585561289213
2629,79.9585561289213
2630,79.9585561289213
2631,79.9585561289213
2632,79.9585561289213
2633,79.9585561289213
2634,79.9585561289213
2635,79.9585561289213
2636,79.9585561289213
2637,79.60261169434304
2638,77.23971085643313
2639,73.12366748767866
2640,66.848752682832
2641,65.03587736100009
2642,60.651903598526545
2643,64.29594739439885
2644,64.72234816859388
2645,67.1640459916628
2646,71.87436147321161
2647,74.56838255454143
2648,77.18837004484597
2649,79.9585561289213
2650,79.9585561289213
2651,79.9585561289213
2652,79.9585561289213
2653,79.9585561289213
2654,79.9585561289213
2655,79.9585561289213
2656,79.9585561289213
2657,79.9585561289213
2658,79.9585561289213
2659,79.9585561289213
2660,79.9585561289213
2661,79.9585561289213
2662,75.44433433606633
2663,74.41748404115515
2664,66.64722241308766
2665,66.40870341789221
2666,50.99104796015076
2667,60.379769480515044
2668,65.73235761778858
2669,65.54137619639761
2670,72.7292212062967
2671,75.37645188088024
2672,79.14301010692667
2673,79.9585561289213
2674,79.9585561289213
2675,79.9585561289213
2676,79.9585561289213
2677,79.9585561289213
2678,79.9585561289213
2679,79.9585561289213
2680,79.9585561289213
2681,79.9585561289213
2682,79.9585561289213
2683,79.9585561289213
2684,79.9585561289213
2685,79.9585561289213
2686,76.08395877434097
2687,73.54135972015759
2688,70.62870680418186
2689,64.82922965856402
2690,54.320582010736246
2691,61.351511502261886
2692,68.9696295473602
2693,70.14125960710237
2694,73.28470725132262
2695,74.5434553112127
2696,78.289214226822
2697,79.70140596163382
2698,79.9585561289213
2699,79.9585561289213
2700,79.9585561289213
2701,79.9585561289213
2702,79.9585561289213
2703,79.9585561289213
2704,79.9585561289213
2705,79.9585561289213
2706,79.9585561289213
2707,79.9585561289213
2708,79.9585561289213
2709,79.9585561289213
2710,78.08860695972264
2711,73.27141026546934
2712,70.65908055320305
2713,68.14847278794998
2714,65.44777903891068
2715,60.02380324154728
2716,67.92192213677743
2717,67.08936780682089
2718,73.03163120020675
2719,74.5533261207845
2720,78.86767668722983
2721,79.24402880068986
2722,79.9585561289213
2723,79.9585561289213
2724,79.9585561289213
2725,79.9585561289213
2726,79.9585561289213
2727,79.9585561289213
2728,79.9585561289213
2729,79.9585561289213
2730,79.9585561289213
2731,79.9585561289213
2732,79.9585561289213
2733,79.9585561289213
2734,77.39287750478387
2735,73.67039571299054
2736,70.17501948589374
2737,68.19925935204772
2738,65.47572754739842
2739,62.239024828981165
2740,66.92125717249978
2741,68.85016668367078
2742,73.17789520785301
2743,74.65337722512342
2744,77.17393605605984
2745,79.9585561289213
2746,79.9585561289213
2747,79.9585561289213
2748,79.9585561289213
2749,79.9585561289213
2750,79.9585561289213
2751,79.9585561289213
2752,79.9585561289213
2753,79.9585561289213
2754,79.9585561289213
2755,79.9585561289213
2756,79.9585561289213
2757,76.80294317486856
2758,76.27193496175136
2759,73.57920802172302
2760,69.5551558051939
2761,67.80120755849683
2762,59.54400970509142
2763,56.06981002176483
2764,62.28999061987736
2765,69.17984637428586
2766,73.53472096925756
2767,74.52194211122945
2768,77.07224378577266
2769,79.9585561289213
2770,79.9585561289213
2771,79.9585561289213
2772,79.9585561289213
2773,79.9585561289213
2774,79.9585561289213
2775,79.9585561289213
2776,79.9585561289213
2777,79.9585561289213
2778,79.9585561289213
2779,79.9585561289213
2780,79.9585561289213
2781,79.9585561289213
2782,76.30222718842245
2783,74.56682240450225
2784,70.5159646786856
2785,64.29944256764776
2786,62.44031247640198
2787,60.368427565075805
2788,62.07687951211532
2789,67.51742392674377
2790,71.7728512667591
2791,75.27497258580635
2792,75.73619296624143
2793,79.9585561289213
2794,79.9585561289213
2795,79.9585561289213
2796,79.9585561289213
2797,79.9585561289213
2798,79.9585561289213
2799,79.9585561289213
2800,79.9585561289213
2801,79.9585561289213
2802,79.9585561289213
2803,79.9585561289213
2804,79.9585561289213
2805,79.9585561289213
2806,76.52936692161208
2807,73.60992316475203
2808,71.29430891863919
2809,64.70681092788021
2810,59.49121069435397
2811,52.990891134737275
2812,64.11998425987038
2813,69.91756840764214
2814,72.83260879045288
2815,74.69287685852407
2816,78.69755731086231
2817,79.9585561289213
2818,79.9585561289213
2819,79.9585561289213
2820,79.9585561289213
2821,79.9585561289213
2822,79.9585561289213
2823,79.9585561289213
2824,79.9585561289213
2825,79.9585561289213
2826,79.9585561289213
2827,79.9585561289213
2828,79.9585561289213
2829,79.9585561289213
2830,78.30887524401938
2831,74.4581072175648
2832,68.88211525302115
2833,65.73699079432214
2834,61.55638025291109
2835,62.628210443556846
2836,60.36384230315748
2837,67.53643648935575
2838,72.34296705756552
2839,73.91508661628212
2840,77.14389722540336
2841,79.9585561289213
2842,79.9585561289213
2843,79.9585561289213
2844,79.9585561289213
2845,79.9585561289213
2846,79.9585561289213
2847,79.9585561289213
2848,79.9585561289213
2849,79.9585561289213
2850,79.9585561289213
2851,79.9585561289213
2852,79.9585561289213
2853,79.9585561289213
2854,76.1905414846471
2855,73.9242888407019
2856,72.30899022871179
2857,66.1932608869449
2858,63.94604366636446
2859,63.46308451626585
2860,64.34777472461451
2861,67.06443591955788
2862,70.91892397390055
2863,73.59857332285989
2864,78.16809011480744
2865,79.67872594125468
2866,79.9585561289213
2867,79.9585561289213
2868,79.9585561289213
2869,79.9585561289213
2870,79.9585561289213
2871,79.9585561289213
2872,79.9585561289213
2873,79.9585561289213
2874,79.9585561289213
2875,79.9585561289213
2876,79.9585561289213
2877,79.9585561289213
2878,76.527421853702
2879,73.95077701147738
2880,69.3487659703415
2881,64.25272668627393
2882,61.32235062346881
2883,59.02295614246283
2884,61.96134932550407
2885,70.74785484071245
2886,73.37955708124227
2887,72.97571465866923
2888,76.683531516451
2889,79.24986483121913
2890,79.9585561289213
2891,79.9585561289213
2892,79.9585561289213
2893,79.9585561289213
2894,79.9585561289213
2895,79.9585561289213
2896,79.9585561289213
2897,79.9585561289213
2898,79.9585561289213
2899,79.9585561289213
2900,79.9585561289213
2901,79.9585561289213
2902,75.77870661842736
2903,74.524237759463
2904,69.70132819352705
2905,64.64012509845436
2906,63.96074420169736
2907,58.00825831834435
2908,66.14343629630011
2909,68.82757933477713
2910,69.07663746250657
2911,74.11033742189761
2912,77.37370035274444
2913,79.5488047675806
2914,79.9585561289213
2915,79.9585561289213
2916,79.9585561289213
2917,79.9585561289213
2918,79.9585561289213
2919,79.9585561289213
2920,79.9585561289213
2921,79.9585561289213
2922,79.9585561289213
2923,79.9585561289213
2924,79.9585561289213
2925,79.9585561289213
2926,77.2292392538507
2927,74.32990175145608
2928,68.63318891392045
2929,63.337599428301445
2930,59.78320730426367
2931,58.82323940453556
2932,62.89010199514826
2933,67.53908465942182
2934,72.40645753800992
2935,74.88583686988721
2936,79.21737483634743
2937,79.9585561289213
2938,79.9585561289213
2939,79.9585561289213
2940,79.9585561289213
2941,79.9585561289213
2942,79.9585561289213
2943,79.9585561289213
2944,79.9585561289213
2945,79.9585561289213
2946,79.9585561289213
2947,79.9585561289213
2948,79.9585561289213
2949,79.9585561289213
2950,75.49913594528255
2951,73.45078780939555
2952,72.15357820187756
2953,64.78099446689544
2954,61.942098646005206
2955,56.03312343215805
2956,61.15798337265119
2957,70.67402502242408
2958,72.63824519419951
2959,73.70406750049305
2960,76.06153247821456
2961,79.9585561289213
2962,79.9585561289213
2963,79.9585561289213
2964,79.9585561289213
2965,79.9585561289213
2966,79.9585561289213
2967,79.9585561289213
2968,79.9585561289213
2969,79.9585561289213
2970,79.9585561289213
2971,79.9585561289213
2972,79.9585561289213
2973,79.9585561289213
2974,76.95197693125344
2975,73.0600371699311
2976,71.50409367165774
2977,60.24174212472646
2978,63.098314813873465
2979,57.531341689268544
2980,65.04788875471361
2981,70.17179567531353
2982,70.88878015764662
2983,73.83370731268703
2984,75.70036877814758
2985,79.9585561289213
2986,79.9585561289213
2987,79.9585561289213
2988,79.9585561289213
2989,79.9585561289213
2990,79.9585561289213
2991,79.9585561289213
2992,79.9585561289213
2993,79.9585561289213
2994,79.9585561289213
2995,79.9585561289213
2996,79.9585561289213
2997,79.9585561289213
2998,76.62915036478564
2999,74.09669517159529
3000,69.85084473500723
3001,67.06012512750671
3002,58.21175322354149
3003,56.55385847774167
3004,61.79345421950206
3005,67.33756040721954
3006,70.81407876757315
3007,73.51395741083272
3008,76.72678115968286
3009,79.9206805720819
3010,79.9585561289213
3011,79.9585561289213
3012,79.9585561289213
3013,79.9585561289213
3014,79.9585561289213
3015,79.9585561289213
3016,79.9585561289213
3017,79.9585561289213
3018,79.9585561289213
3019,79.9585561289213
3020,79.9585561289213
3021,79.9585561289213
3022,76.44996833681697
3023,73.79384051782661
3024,68.71501099903185
3025,64.0702990915323
3026,53.556832043653465
3027,53.35988712337965
3028,57.03838515352687
3029,65.03533782044784
3030,70.74021142776412
3031,73.26871945336487
3032,76.32200641326287
3033,79.02451590431102
3034,79.9585561289213
3035,79.9585561289213
3036,79.9585561289213
3037,79.9585561289213
3038,79.9585561289213
3039,79.9585561289213
3040,79.9585561289213
3041,79.9585561289213
3042,79.9585561289213
3043,79.9585561289213
3044,79.9585561289213
3045,79.9585561289213
3046,75.14124636198686
3047,73.06622740615673
3048,71.59591027743099
3049,64.18293761675481
3050,58.67797185651073
3051,64.468877949219
3052,63.869619008146174
3053,67.8468958186874
3054,68.648632281881
3055,72.91489281880804
3056,76.98384598124059
3057,79.71557627077554
3058,79.9585561289213
3059,79.9585561289213
3060,79.9585561289213
3061,79.9585561289213
3062,79.9585561289213
3063,79.9585561289213
3064,79.9585561289213
3065,79.9585561289213
3066,79.9585561289213
3067,79.9585561289213
3068,79.9585561289213
3069,79.9585561289213
3070,77.27474639433677
3071,72.34123760852198
3072,68.52900953104458
3073,65.70925090603204
3074,61.41435163065679
3075,58.73294972162855
3076,59.16835629799385
3077,65.82289868610025
3078,73.02888852778712
3079,72.42954586559358
3080,76.52137670547262
3081,78.68005313421317
3082,79.9585561289213
3083,79.9585561289213
3084,79.9585561289213
3085,79.9585561289213
3086,79.9585561289213
3087,79.9585561289213
3088,79.9585561289213
3089,79.9585561289213
3090,79.9585561289213
3091,79.9585561289213
3092,79.9585561289213
3093,79.9585561289213
3094,75.10150317106711
3095,71.85229229982215
3096,68.94962714234981
3097,66.69471260747673
3098,62.300765342224295
3099,58.576172409239085
3100,65.3496748352977
3101,65.89922776526058
3102,71.07562209155375
3103,74.1555878545702
3104,77.36954331065617
3105,79.9585561289213
3106,79.9585561289213
3107,79.9585561289213
3108,79.9585561289213
3109,79.9585561289213
3110,79.9585561289213
3111,79.9585561289213
3112,79.9585561289213
3113,79.9585561289213
3114,79.9585561289213
3115,79.9585561289213
3116,79.9585561289213
3117,79.9585561289213
3118,76.17164546725449
3119,72.56064455947144
3120,68.47484831649712
3121,65.04130202188931
3122,58.239526608783905
3123,59.574667474461386
3124,62.68582651386833
3125,64.29639173156714
3126,71.14888140252332
3127,74.70392409576273
3128,76.44407113266199
3129,77.72676604663602
3130,79.9585561289213
3131,79.9585561289213
3132,79.9585561289213
3133,79.9585561289213
3134,79.9585561289213
3135,79.9585561289213
3136,79.9585561289213
3137,79.9585561289213
3138,79.9585561289213
3139,79.9585561289213
3140,79.9585561289213
3141,79.24708870631254
3142,75.64161873279522
3143,73.96193393081198
3144,70.7429973552167
3145,66.52659703560161
3146,51.87969954213618
3147,53.25492041774919
3148,60.42147948496866
3149,62.30114337506744
3150,70.32004393558562
3151,74.45986408417689
3152,75.86086765483708
3153,78.38053628147826
3154,79.9585561289213
3155,79.9585561289213
3156,79.9585561289213
3157,79.9585561289213
3158,79.9585561289213
3159,79.9585561289213
3160,79.9585561289213
3161,79.9585561289213
3162,79.9585561289213
3163,79.9585561289213
3164,79.9585561289213
3165,79.4386840386265
3166,75.95126118499411
3167,73.4299998779949
3168,69.51561584753594
3169,65.72224629516657
3170,55.550404393249444
3171,58.663379481774754
3172,63.244626682884906
3173,65.98757543765157
3174,71.81459232354565
3175,73.84389242188279
3176,76.60170085439333
3177,79.85621942279425
3178,79.9585561289213
3179,79.9585561289213
3180,79.9585561289213
3181,79.9585561289213
3182,79.9585561289213
3183,79.9585561289213
3184,79.9585561289213
3185,79.9585561289213
3186,79.9585561289213
3187,79.9585561289213
3188,79.9585561289213
3189,79.9585561289213
3190,75.8202149208672
3191,72.56905109300897
3192,72.18734326270233
3193,65.85192211636073
3194,58.69583358413609
3195,58.99909018393447
3196,55.059400666950665
3197,62.2335922871088
3198,69.5266477650685
3199,73.59452707026381
3200,77.61345494671177
3201,79.9585561289213
3202,78.0454473522662
3203,79.9585561289213
3204,79.9585561289213
3205,79.9585561289213
3206,79.9585561289213
3207,79.9585561289213
3208,79.9585561289213
3209,79.9585561289213
3210,79.9585561289213
3211,79.9585561289213
3212,79.9585561289213
3213,79.9585561289213
3214,78.06242112542392
3215,72.85997891824223
3216,67.99636232070706
3217,61.41138596881255
3218,55.01818902924226
3219,58.26166727004841
3220,65.32458419118798
3221,64.29945321636762
3222,70.89755054343223
3223,73.16679894268397
3224,76.05641046444333
3225,79.07053682878626
3226,79.9585561289213
3227,79.9585561289213
3228,79.9585561289213
3229,79.9585561289213
3230,79.9585561289213
3231,79.9585561289213
3232,79.9585561289213
3233,79.9585561289213
3234,79.9585561289213
3235,79.9585561289213
3236,79.9585561289213
3237,79.9585561289213
3238,76.78696093517406
3239,73.8109349590368
3240,69.88627200900741
3241,63.03833913802742
3242,51.57483853034474
3243,51.5800699477162
3244,51.82168228147195
3245,67.31950341281056
3246,69.31796117738467
3247,73.60179498071962
3248,76.89532566291797
3249,79.9585561289213
3250,79.9585561289213
3251,79.9585561289213
3252,79.9585561289213
3253,79.9585561289213
3254,79.9585561289213
3255,79.9585561289213
3256,79.9585561289213
3257,79.9585561289213
3258,79.9585561289213
3259,79.9585561289213
3260,79.9585561289213
3261,79.9585561289213
3262,77.82729467372455
3263,73.34575713242208
3264,67.41525374347484
3265,65.51779823564935
3266,61.55631091310108
3267,52.18590187184853
3268,65.4340347325668
3269,62.47774287058148
3270,70.6931492584459
3271,73.02471959583836
3272,76.07936227609778
3273,78.90683915500799
3274,79.9585561289213
3275,79.9585561289213
3276,79.9585561289213
3277,79.9585561289213
3278,79.9585561289213
3279,79.9585561289213
3280,79.9585561289213
3281,79.9585561289213
3282,79.9585561289213
3283,79.9585561289213
3284,79.9585561289213
3285,79.47413965150164
3286,76.75418645110877
3287,73.2355190164097
3288,68.13953963631667
3289,58.38260854647875
3290,56.190569681425984
3291,52.677087175189016
3292,60.62024986725573
3293,63.17743716587601
3294,68.97865624351529
3295,73.20694667213536
3296,74.39086021133984
3297,76.8018901372447
3298,79.9585561289213
3299,79.9585561289213
3300,79.9585561289213
3301,79.9585561289213
3302,79.9585561289213
3303,79.9585561289213
3304,79.9585561289213
3305,79.9585561289213
3306,79.9585561289213
3307,79.9585561289213
3308,79.9585561289213
3309,79.70314968684761
3310,77.13562101927647
3311,73.50514573868159
3312,66.07382486339127
3313,62.42299321021467
3314,52.48148208929442
3315,54.91132136848586
3316,64.37502596936984
3317,67.97010817636648
3318,70.70999292797713
3319,75.0110629258668
3320,75.88935476054544
3321,76.91581468286675
3322,79.9585561289213
3323,79.9585561289213
3324,79.9585561289213
3325,79.9585561289213
3326,79.9585561289213
3327,79.9585561289213
3328,79.9585561289213
3329,79.9585561289213
3330,79.9585561289213
3331,79.9585561289213
3332,79.9585561289213
3333,79.66818825121764
3334,75.4943465220094
3335,73.58695368998583
3336,68.0776541454587
3337,56.467990254809386
3338,51.891698077152796
3339,53.41011577699128
3340,60.38466595959255
3341,66.05363394636744
3342,72.34487808481725
3343,72.85268415259159
3344,76.76742432953225
3345,77.12651608462407
3346,79.9585561289213
3347,79.9585561289213
3348,79.9585561289213
3349,79.9585561289213
3350,79.9585561289213
3351,79.9585561289213
3352,79.9585561289213
3353,79.9585561289213
3354,79.9585561289213
3355,79.9585561289213
3356,79.9585561289213
3357,79.28751235906195
3358,77.58721829866556
3359,73.0285901567695
3360,60.87770007772972
3361,64.86374858709937
3362,53.409187251873604
3363,56.97058457065112
3364,57.59347520925757
3365,64.62559880187843
3366,68.4142922583205
3367,75.36653827327423
3368,75.34689189919312
3369,78.62352548875293
3370,79.9585561289213
3371,79.9585561289213
3372,79.9585561289213
3373,79.9585561289213
3374,79.9585561289213
3375,79.9585561289213
3376,79.9585561289213
3377,79.9585561289213
3378,79.9585561289213
3379,79.9585561289213
3380,79.9585561289213
3381,79.9585561289213
3382,75.52948903965058
3383,73.64058826283534
3384,67.76296526245152
3385,62.64318659643444
3386,52.64653455643719
3387,62.938577502543595
3388,65.27717047548438
3389,62.89738357472416
3390,70.70112135566175
3391,73.80687465177284
3392,76.7646386763329
3393,79.9585561289213
3394,79.52142850487773
3395,79.9585561289213
3396,79.9585561289213
3397,79.9585561289213
3398,79.9585561289213
3399,79.9585561289213
3400,79.9585561289213
3401,79.9585561289213
3402,79.9585561289213
3403,79.9585561289213
3404,79.9585561289213
3405,78.02132438077972
3406,76.12118721128063
3407,72.61599891888234
3408,68.78148569789006
3409,64.97561677885918
3410,56.31797767183249
3411,52.29651703878466
3412,59.82429891888347
3413,57.66711671629343
3414,71.84126799262336
3415,72.39554167822828
3416,75.12159896916172
3417,77.38177071113034
3418,79.9585561289213
3419,79.9585561289213
3420,79.9585561289213
3421,79.9585561289213
3422,79.9585561289213
3423,79.9585561289213
3424,79.9585561289213
3425,79.9585561289213
3426,79.9585561289213
3427,79.9585561289213
3428,79.9585561289213
3429,77.69289772738743
3430,76.3308835330487
3431,69.96288415364172
3432,69.23059285637802
3433,63.98681746808359
3434,60.60668501621902
3435,51.896650814956075
3436,56.662857991008096
3437,67.89718337360267
3438,68.97541382963502
3439,73.53730714126371
3440,76.89999242957705
3441,78.16397974114307
3442,79.9585561289213
3443,79.9585561289213
3444,79.9585561289213
3445,79.9585561289213
3446,79.9585561289213
3447,79.9585561289213
3448,79.9585561289213
3449,79.9585561289213
3450,79.9585561289213
3451,79.9585561289213
3452,79.9585561289213
3453,79.9585561289213
3454,76.52611438295583
3455,72.78523527750059
3456,67.31598554034184
3457,62.060154874339
3458,46.41868714027489
3459,50.379295144842885
3460,61.19369297624744
3461,63.81042536476234
3462,68.1895507847005
3463,72.91120532387572
3464,76.34483445881366
3465,77.55327666440162
3466,79.9585561289213
3467,79.9585561289213
3468,79.9585561289213
3469,79.9585561289213
3470,79.9585561289213
3471,79.9585561289213
3472,79.9585561289213
3473,79.9585561289213
3474,79.9585561289213
3475,79.9585561289213
3476,79.9585561289213
3477,78.99886270397398
3478,75.79690738220523
3479,69.2106102761585
3480,65.85149924954005
3481,66.65822548986615
3482,54.981378444153165
3483,59.59614628069682
3484,56.26586667243744
3485,59.42051865026828
3486,68.81401815898712
3487,73.55865970353972
3488,76.45536077951367
3489,77.31244751559699
3490,79.9585561289213
3491,79.9585561289213
3492,79.9585561289213
3493,79.9585561289213
3494,79.9585561289213
3495,79.9585561289213
3496,79.9585561289213
3497,79.9585561289213
3498,79.9585561289213
3499,79.9585561289213
3500,79.9585561289213
3501,79.59400231066324
3502,74.6776036527567
3503,72.75428022995915
3504,66.83717721204805
3505,62.65845265289163
3506,57.557646155497174
3507,48.433145021720264
3508,53.54161887924278
3509,65.01718096249405
3510,69.38905078521682
3511,72.83720737514369
3512,75.57526655803211
3513,78.2527665525214
3514,79.9585561289213
3515,79.9585561289213
3516,79.9585561289213
3517,79.9585561289213
3518,79.9585561289213
3519,79.9585561289213
3520,79.9585561289213
3521,79.9585561289213
3522,79.9585561289213
3523,79.9585561289213
3524,79.9585561289213
3525,78.58106647367238
3526,74.25437765464041
3527,72.48060588193954
3528,64.16829606931837
3529,59.408700744749815
3530,55.665549883019
3531,43.30916710098544
3532,52.58053982811547
3533,59.87774283371498
3534,68.35540818057304
3535,72.27631805860119
3536,76.11416328912256
3537,78.31919060030738
3538,79.9585561289213
3539,79.9585561289213
3540,79.9585561289213
3541,79.9585561289213
3542,79.9585561289213
3543,79.9585561289213
3544,79.9585561289213
3545,79.9585561289213
3546,79.9585561289213
3547,79.9585561289213
3548,79.9585561289213
3549,77.36600254229585
3550,74.38618977650853
3551,73.12062128528947
3552,67.25760987367389
3553,52.802531722554114
3554,54.14387425182668
3555,48.08847391867547
3556,56.242325701640695
3557,66.7108910389883
3558,66.46746060114373
3559,74.09879595470208
3560,74.17536574532542
3561,78.75390594076397
3562,79.44042016784745
3563,79.9585561289213
3564,79.9585561289213
3565,79.9585561289213
3566,79.9585561289213
3567,79.9585561289213
3568,79.9585561289213
3569,79.9585561289213
3570,79.9585561289213
3571,79.9585561289213
3572,79.9585561289213
3573,79.24173365877125
3574,74.96779088147728
3575,72.60456617877948
3576,67.0349648537765
3577,56.56124810068497
3578,44.500818318430916
3579,52.384196084062744
3580,60.853668332836065
3581,60.86963472258327
3582,67.98139928993962
3583,71.30533364956547
3584,74.68403037363838
3585,76.22782689977711
3586,79.9585561289213
3587,79.9585561289213
3588,79.9585561289213
3589,79.9585561289213
3590,79.9585561289213
3591,79.9585561289213
3592,79.9585561289213
3593,79.9585561289213
3594,79.9585561289213
3595,79.9585561289213
3596,79.9585561289213
3597,78.1223951801473
3598,76.14799221571884
3599,72.27950978469475
3600,69.26746509389898
3601,56.803491699727545
3602,49.1197043959729
3603,47.68575319742405
3604,60.03406050671275
3605,65.13743844509848
3606,67.68800236259369
3607,73.47950167339377
3608,73.93893911331962
3609,77.41039754312376
3610,79.25940404576362
3611,79.9585561289213
3612,79.9585561289213
3613,79.9585561289213
3614,79.9585561289213
3615,79.9585561289213
3616,79.9585561289213
3617,79.9585561289213
3618,79.9585561289213
3619,79.9585561289213
3620,79.9585561289213
3621,76.91689471874669
3622,74.54614349649296
3623,71.55618091923394
3624,67.76147155603823
3625,55.14388145608355
3626,45.32346676320759
3627,47.39196987026745
3628,56.58770383308891
3629,61.10847411263343
3630,67.29968000955363
3631,72.471748950654
3632,75.30013357700322
3633,78.3471531542022
3634,78.94049739419616
3635,79.9585561289213
3636,79.9585561289213
3637,79.9585561289213
3638,79.9585561289213
3639,79.9585561289213
3640,79.9585561289213
3641,79.9585561289213
3642,79.9585561289213
3643,79.9585561289213
3644,79.9585561289213
3645,78.97497081322626
3646,75.56157654030123
3647,72.6537922744545
3648,69.1028877188401
3649,54.393095847193116
3650,48.620755504395284
3651,47.19184479116952
3652,55.09501622657785
3653,60.89726921596871
3654,69.51491246941758
3655,74.20369692656831
3656,75.05145100861156
3657,78.22396179372441
3658,79.9585561289213
3659,79.9585561289213
3660,79.9585561289213
3661,79.9585561289213
3662,79.9585561289213
3663,79.9585561289213
3664,79.9585561289213
3665,79.9585561289213
3666,79.9585561289213
3667,79.9585561289213
3668,79.9585561289213
3669,78.03189174408372
3670,75.34365083148622
3671,70.20627625213149
3672,65.74290944834931
3673,56.47199839467282
3674,45.04899535983987
3675,48.04855135984903
3676,44.357731255849416
3677,55.67567575478719
3678,66.27009416013695
3679,73.1126934594548
3680,75.13048443548529
3681,77.38410755142404
3682,79.9585561289213
3683,79.9585561289213
3684,79.9585561289213
3685,79.9585561289213
3686,79.9585561289213
3687,79.9585561289213
3688,79.9585561289213
3689,79.9585561289213
3690,79.9585561289213
3691,79.9585561289213
3692,79.9585561289213
3693,77.17192048882714
3694,75.94064127700159
3695,72.7185248452034
3696,66.19157876342648
3697,55.04636167350681
3698,54.563360203905965
3699,44.26134265749651
3700,52.40548868187103
3701,61.87394711446871
3702,67.86351853034411
3703,72.0143789049576
3704,72.86489142478969
3705,77.22484493415168
3706,78.90244501597068
3707,79.9585561289213
3708,79.9585561289213
3709,79.9585561289213
3710,79.9585561289213
3711,79.9585561289213
3712,79.9585561289213
3713,79.9585561289213
3714,79.9585561289213
3715,79.9585561289213
3716,79.9585561289213
3717,76.17879233408205
3718,74.91826361204284
3719,72.65946812761864
3720,65.9716509155768
3721,56.62563478436212
3722,44.967902810518524
3723,51.51741534250954
3724,54.93386390876292
3725,62.38649187287857
3726,66.05826564898197
3727,71.85985082014672
3728,72.7245310384777
3729,76.63814801002005
3730,79.9585561289213
3731,79.9585561289213
3732,79.9585561289213
3733,79.9585561289213
3734,79.9585561289213
3735,79.9585561289213
3736,79.9585561289213
3737,79.9585561289213
3738,79.9585561289213
3739,79.9585561289213
3740,79.9585561289213
3741,77.66428527437651
3742,74.62578128749877
3743,72.35116353856337
3744,64.39112130646507
3745,53.20997699927706
3746,48.24781260876722
3747,45.58687094101341
3748,46.53734792213769
3749,62.92244679591342
3750,67.2901483796323
3751,69.86654171667536
3752,74.41662818049419
3753,76.10308857526356
3754,79.13684920772315
3755,79.9585561289213
3756,79.9585561289213
3757,79.9585561289213
3758,79.9585561289213
3759,79.9585561289213
3760,79.9585561289213
3761,79.9585561289213
3762,79.9585561289213
3763,79.9585561289213
3764,79.9585561289213
3765,78.18821362309835
3766,73.97763960007852
3767,73.13203770400754
3768,67.31073417712733
3769,59.06607462858613
3770,45.0332363784961
3771,49.10024161011852
3772,48.206005893531454
3773,63.062904359692304
3774,65.97832315381478
3775,71.94502885361189
3776,72.63487775821041
3777,76.2511726815004
3778,79.9585561289213
3779,79.9585561289213
3780,79.9585561289213
3781,79.9585561289213
3782,79.9585561289213
3783,79.9585561289213
3784,79.9585561289213
3785,79.9585561289213
3786,79.9585561289213
3787,79.9585561289213
3788,79.9585561289213
3789,77.56564675233831
3790,74.44804525683703
3791,66.96160716060119
3792,64.69691449402858
3793,46.35896362096434
3794,45.12776746237524
3795,46.773050339985716
3796,51.11499189530384
3797,54.91587390242783
3798,67.85301066097053
3799,71.73265942625248
3800,73.53655253026383
3801,77.47276649009117
3802,79.9585561289213
3803,79.9585561289213
3804,79.9585561289213
3805,79.9585561289213
3806,79.9585561289213
3807,79.9585561289213
3808,79.9585561289213
3809,79.9585561289213
3810,79.9585561289213
3811,79.9585561289213
3812,79.9585561289213
3813,76.93543025135962
3814,75.02877716047205
3815,71.53272807038852
3816,64.16649957652179
3817,56.41952767168169
3818,50.28347334524199
3819,44.440739087931725
3820,51.142709358556914
3821,52.93005709039468
3822,64.91118865130787
3823,70.0023903458069
3824,73.92982892552014
3825,76.18760742644452
3826,79.69360678892232
3827,79.9585561289213
3828,79.9585561289213
3829,79.9585561289213
3830,79.9585561289213
3831,79.9585561289213
3832,79.9585561289213
3833,79.9585561289213
3834,79.9585561289213
3835,79.9585561289213
3836,79.9585561289213
3837,77.43048014696053
3838,74.04551802672331
3839,72.2776262049381
3840,64.89374978617727
3841,52.4203229383688
3842,49.56774250178635
3843,46.85167483888909
3844,43.51844897740961
3845,57.18770243130658
3846,68.19140944235166
3847,70.23200678544755
3848,73.513066963818
3849,74.60801600150548
3850,79.91396355392533
3851,79.9585561289213
3852,79.9585561289213
3853,79.9585561289213
3854,79.9585561289213
3855,79.9585561289213
3856,79.9585561289213
3857,79.9585561289213
3858,79.9585561289213
3859,79.9585561289213
3860,79.9585561289213
3861,77.1403375786005
3862,73.01565602223002
3863,70.35183973773687
3864,61.326382205483284
3865,53.07498771991372
3866,47.747568954423784
3867,44.569435183465345
3868,52.26336273861114
3869,55.78885975415911
3870,58.049108682204455
3871,68.17125036756586
3872,73.07469198182413
3873,74.89819274438631
3874,79.9585561289213
3875,79.9585561289213
3876,79.9585561289213
3877,79.9585561289213
3878,79.9585561289213
3879,79.9585561289213
3880,79.9585561289213
3881,79.9585561289213
3882,79.9585561289213
3883,79.9585561289213
3884,78.25181373857853
3885,75.97017412812629
3886,73.82536454591086
3887,69.74648858615467
3888,64.98830721258251
3889,53.763195710888446
3890,44.670594505517386
3891,45.673553678839134
3892,46.86781802572462
3893,55.59443024719786
3894,66.08963636700813
3895,70.48472032536402
3896,72.55293094253129
3897,74.97350428886404
3898,77.75170220102912
3899,79.9585561289213
3900,79.9585561289213
3901,79.9585561289213
3902,79.9585561289213
3903,79.9585561289213
3904,79.9585561289213
3905,79.9585561289213
3906,79.9585561289213
3907,79.9585561289213
3908,79.9585561289213
3909,78.04326297531223
3910,75.17029928737486
3911,67.49599301592716
3912,59.764249098755904
3913,50.88180593590891
3914,37.120471130851875
3915,44.6576655258982
3916,46.56431968792385
3917,58.73586202687754
3918,64.31265031627069
3919,69.14954298565144
3920,73.6265357102229
3921,75.67173654387355
3922,79.9585561289213
3923,79.9585561289213
3924,79.9585561289213
3925,79.9585561289213
3926,79.9585561289213
3927,79.9585561289213
3928,79.9585561289213
3929,79.9585561289213
3930,79.9585561289213
3931,79.9585561289213
3932,79.28435916213336
3933,78.74287783203178
3934,73.50778360543724
3935,70.80030993960922
3936,60.03845447642906
3937,54.121399433385164
3938,36.222848106911385
3939,37.74595252374792
3940,47.07388751883001
3941,49.90938296643423
3942,65.1242414597034
3943,69.09746205810765
3944,72.82444106215243
3945,76.43053739827968
3946,78.99511273448286
3947,79.9585561289213
3948,79.9585561289213
3949,79.9585561289213
3950,79.9585561289213
3951,79.9585561289213
3952,79.9585561289213
3953,79.9585561289213
3954,79.9585561289213
3955,79.9585561289213
3956,77.26999648396297
3957,76.68536943644834
3958,74.52109395295032
3959,70.61980498493085
3960,60.09071159193393
3961,50.497805266732016
3962,42.471401884420715
3963,49.84305408352045
3964,42.16472357192297
3965,53.81444966288219
3966,63.75627115910207
3967,69.72320371295594
3968,72.59605725940877
3969,74.58364491272943
3970,78.823307486635
3971,79.9585561289213
3972,79.9585561289213
3973,79.9585561289213
3974,79.9585561289213
3975,79.9585561289213
3976,79.9585561289213
3977,79.9585561289213
3978,79.9585561289213
3979,79.9585561289213
3980,79.67288514273898
3981,77.76750310998641
3982,73.34983700065972
3983,71.005193159612
3984,64.37598604154962
3985,53.11448427651513
3986,44.01828310552434
3987,47.936610052826495
3988,49.198900538212946
3989,49.11069344728172
3990,64.18589001899676
3991,67.36045337977737
3992,72.80166891611336
3993,76.10606242856306
3994,77.06083117494549
3995,78.8805172890524
3996,79.9585561289213
3997,79.9585561289213
3998,79.9585561289213
3999,79.9585561289213
4000,79.9585561289213
4001,79.9585561289213
4002,79.9585561289213
4003,79.9585561289213
4004,79.9585561289213
4005,77.61202714577098
4006,73.58158184138351
4007,68.3752176819675
4008,63.892200929418735
4009,46.30657709489158
4010,43.148796597494275
4011,41.70911690541569
4012,47.36849624030824
4013,55.88501978394867
4014,64.49732245231675
4015,69.34365288608382
4016,73.04961908954475
4017,76.42132515573981
4018,76.59180510208478
4019,79.21199333023696
4020,79.9585561289213
4021,79.9585561289213
4022,79.9585561289213
4023,79.9585561289213
4024,79.9585561289213
4025,79.9585561289213
4026,79.9585561289213
4027,79.9585561289213
4028,79.9585561289213
4029,78.30625606634766
4030,73.77360261025416
4031,69.27164630034304
4032,66.69607498722453
4033,55.14236107476374
4034,44.76643295286086
4035,40.067676581253316
4036,43.36786748629371
4037,50.13263200396256
4038,56.59754726616861
4039,69.21924512267553
4040,73.54918285508587
4041,75.11350190856238
4042,78.0350005440616
4043,79.9585561289213
4044,79.9585561289213
4045,79.9585561289213
4046,79.9585561289213
4047,79.9585561289213
4048,79.9585561289213
4049,79.9585561289213
4050,79.9585561289213
4051,79.9585561289213
4052,79.9585561289213
4053,75.1826768970782
4054,73.27590657959549
4055,67.76334880213952
4056,64.52594710698978
4057,40.923272950882904
4058,41.243628088105496
4059,39.88953950394999
4060,41.00592261410459
4061,47.15977366296414
4062,65.06282594650854
4063,67.63826121920168
4064,72.54208420434644
4065,74.44766272906593
4066,77.33761976290673
4067,79.9585561289213
4068,79.9585561289213
4069,79.9585561289213
4070,79.9585561289213
4071,79.9585561289213
4072,79.9585561289213
4073,79.9585561289213
4074,79.9585561289213
4075,79.9585561289213
4076,79.9585561289213
4077,77.16333657903303
4078,74.17963002596579
4079,66.50704648707439
4080,65.52211482491836
4081,45.08187642715571
4082,40.07498288450562
4083,41.03670707823903
4084,40.59315356202049
4085,50.789098186279645
4086,63.286315579854325
4087,67.35040867099482
4088,72.49061203793477
4089,73.74343530490272
4090,77.00135550439646
4091,79.9585561289213
4092,79.9585561289213
4093,79.9585561289213
4094,79.9585561289213
4095,79.9585561289213
4096,79.9585561289213
4097,79.9585561289213
4098,79.9585561289213
4099,79.9585561289213
4100,79.9585561289213
4101,74.94967097482888
4102,72.45886320928368
4103,70.04710169395536
4104,54.830930091574
4105,46.003479248714
4106,43.42244440253586
4107,40.19359334010979
4108,34.80924686127816
4109,48.24053303266761
4110,48.727147286253704
4111,66.40839682579643
4112,71.68254254965385
4113,74.98931688227913
4114,76.86488496626451
4115,79.9585561289213
4116,79.9585561289213
4117,79.9585561289213
4118,79.9585561289213
4119,79.9585561289213
4120,79.9585561289213
4121,79.9585561289213
4122,79.9585561289213
4123,79.9585561289213
4124,77.6754767308893
4125,74.94214138539645
4126,73.1947078960382
4127,68.06013900635213
4128,54.60145391486614
4129,41.81481202564865
4130,44.04493634550261
4131,41.53151447146044
4132,40.916468867651396
4133,49.710668665872106
4134,56.43222050162376
4135,66.19092984839033
4136,71.24688236997338
4137,74.08234488734354
4138,77.4606906147832
4139,79.9585561289213
4140,79.91380012146404
4141,79.9585561289213
4142,79.9585561289213
4143,79.9585561289213
4144,79.9585561289213
4145,79.9585561289213
4146,79.9585561289213
4147,79.9585561289213
4148,79.75917183062631
4149,75.68125874510886
4150,73.08520698368734
4151,67.49574860494415
4152,60.96404154078321
4153,52.19401634877922
4154,34.38980073048853
4155,38.72766695507748
4156,44.9285715857972
4157,47.50476256521003
4158,53.00284297054127
4159,66.3026276260902
4160,72.57838948771612
4161,73.46363941510587
4162,75.50432004196928
4163,79.9585561289213
4164,79.9585561289213
4165,79.9585561289213
4166,79.9585561289213
4167,79.9585561289213
4168,79.9585561289213
4169,79.9585561289213
4170,79.9585561289213
4171,79.9585561289213
4172,77.98415078579606
4173,76.71182558177031
4174,72.33750629326696
4175,66.05131433420722
4176,57.11931887129684
4177,46.1063799015963
4178,41.63138508641832
4179,37.04376092938117
4180,45.457961261038754
4181,46.7557212896564
4182,54.67793419023873
4183,64.2009731119734
4184,72.25054244050922
4185,73.89278762061755
4186,76.44021699926888
4187,79.9585561289213
4188,79.9585561289213
4189,79.9585561289213
4190,79.9585561289213
4191,79.9585561289213
4192,79.9585561289213
4193,79.9585561289213
4194,79.9585561289213
4195,79.9585561289213
4196,78.78457188514949
4197,75.39756327711237
4198,71.63721752522115
4199,68.89590217309366
4200,56.18521822366455
4201,47.570298188468705
4202,40.00471635637753
4203,38.03117413391771
4204,44.751059132046805
4205,44.801337911278914
4206,55.956335390134754
4207,67.32946905106012
4208,67.84001352008353
4209,72.69541689119858
4210,75.68884604946547
4211,77.60100241970801
4212,79.9585561289213
4213,79.9585561289213
4214,79.9585561289213
4215,79.9585561289213
4216,79.9585561289213
4217,79.9585561289213
4218,79.9585561289213
4219,79.9585561289213
4220,79.9585561289213
4221,75.19284281134263
4222,73.19597772602266
4223,68.79295257969879
4224,56.491722851837814
4225,46.76693699978813
4226,37.2567143990955
4227,38.450011448817065
4228,35.66693086366867
4229,51.08913807532699
4230,53.21623793939112
4231,63.59797495348934
4232,70.63939962995708
4233,73.94225871747196
4234,75.0675038887276
4235,78.7272697655169
4236,79.9585561289213
4237,79.9585561289213
4238,79.9585561289213
4239,79.9585561289213
4240,79.9585561289213
4241,79.9585561289213
4242,79.9585561289213
4243,79.9585561289213
4244,79.37126909878208
4245,74.31878084385119
4246,74.09414443657165
4247,67.86150598985706
4248,51.73188240528714
4249,44.16019084160383
4250,39.18430640396424
4251,33.6548673390645
4252,41.87309010768811
4253,46.61991326550759
4254,48.466233992727105
4255,64.350861608142
4256,69.35813984087821
4257,72.97280018386056
4258,74.96373815878647
4259,75.64937440972861
4260,79.9585561289213
4261,79.9585561289213
4262,79.9585561289213
4263,79.9585561289213
4264,79.9585561289213
4265,79.9585561289213
4266,79.9585561289213
4267,79.9585561289213
4268,78.81960833310877
4269,75.59267619330711
4270,73.10989450604268
4271,67.99525309617346
4272,59.891389311078775
4273,46.17588901398194
4274,36.57429828948449
4275,33.53359200132667
4276,38.51143723147136
4277,49.82487825816055
4278,45.84416285765448
4279,57.84285189686925
4280,68.84365638024626
4281,70.90880876403843
4282,75.63007804628832
4283,79.9585561289213
4284,79.9585561289213
4285,79.9585561289213
4286,79.9585561289213
4287,79.9585561289213
4288,79.9585561289213
4289,79.9585561289213
4290,79.9585561289213
4291,79.9585561289213
4292,74.74733021878234
4293,73.88818436850232
4294,72.92893126658858
4295,65.20554482956888
4296,53.317504661777946
4297,41.54205104853884
4298,40.356741697367625
4299,36.738674795237536
4300,38.14440472671984
4301,41.0984576949386
4302,53.07353900712312
4303,63.204777345580894
4304,69.53543849210044
4305,73.56497656386753
4306,75.81296240755073
4307,78.55756126625145
4308,79.9585561289213
4309,79.9585561289213
4310,79.9585561289213
4311,79.9585561289213
4312,79.9585561289213
4313,79.9585561289213
4314,79.9585561289213
4315,79.9585561289213
4316,77.52088160882583
4317,73.9378464444284
4318,73.18741131832292
4319,66.3937347574714
4320,54.98564790302039
4321,42.0706077704893
4322,36.66586062384809
4323,39.60320928392956
4324,36.49789055479511
4325,41.21400750306541
4326,43.55695156652822
4327,58.14448570008351
4328,68.11617152478466
4329,72.83438909005065
4330,75.58787698402853
4331,75.8307164587263
4332,79.9585561289213
4333,79.9585561289213
4334,79.9585561289213
4335,79.9585561289213
4336,79.9585561289213
4337,79.9585561289213
4338,79.9585561289213
4339,77.74734142460919
4340,78.43875990286561
4341,74.8554205499331
4342,70.53438493079429
4343,64.41865322239255
4344,50.08279242219282
4345,46.40267132093366
4346,34.80291401058467
4347,35.05447354278776
4348,37.8426860550843
4349,38.714873784186786
4350,48.0420139855143
4351,55.71254347030331
4352,64.43684168210811
4353,72.88943685389516
4354,75.14887823314072
4355,77.09566814857847
4356,79.9585561289213
4357,79.9585561289213
4358,79.9585561289213
4359,79.9585561289213
4360,79.9585561289213
4361,79.9585561289213
4362,79.9585561289213
4363,79.9585561289213
4364,75.96112882509175
4365,76.56081127856595
4366,70.59426218903266
4367,66.9493819401117
4368,54.28215190192192
4369,34.14487073448483
4370,38.62821696420179
4371,32.12313808922949
4372,34.43659166777507
4373,40.197371024172924
4374,44.87322588854007
4375,60.10010686215208
4376,66.92235114855414
4377,70.08741052740855
4378,74.98075984777785
4379,76.11330072587488
4380,79.9585561289213
4381,79.9585561289213
4382,79.9585561289213
4383,79.9585561289213
4384,79.9585561289213
4385,79.9585561289213
4386,79.9585561289213
4387,79.9585561289213
4388,76.77136673473557
4389,74.02429090043121
4390,72.14593543474948
4391,67.78514604364938
4392,55.39124058620497
4393,42.024405931734435
4394,37.11590525869796
4395,35.80454086504363
4396,39.321143880955205
4397,37.20164227529898
4398,45.830861502593514
4399,56.16688009395755
4400,68.01635078812039
4401,69.40403817721189
4402,74.6856244173277
4403,78.01175131043291
4404,79.40208806053752
4405,79.9585561289213
4406,79.9585561289213
4407,79.9585561289213
4408,79.9585561289213
4409,79.9585561289213
4410,79.9585561289213
4411,79.35373972175148
4412,77.88725787723399
4413,73.7717065099327
4414,70.9207969674412
4415,63.24190666497396
4416,50.64787018613656
4417,41.17352176396499
4418,34.63129459066592
4419,34.768628743573416
4420,30.638554380799913
4421,36.16788319339564
4422,51.634124240414934
4423,56.449330636440976
4424,66.62792263315178
4425,70.70124909816522
4426,74.86689249186591
4427,77.57623156407132
4428,79.61059902834333
4429,79.9585561289213
4430,79.9585561289213
4431,79.9585561289213
4432,79.9585561289213
4433,79.9585561289213
4434,79.9585561289213
4435,79.9585561289213
4436,77.56711326060258
4437,75.73426898634949
4438,72.45795877343075
4439,67.38517977493531
4440,48.6292909455615
4441,40.151264455124135
4442,34.564578448925126
4443,29.156296783528976
4444,34.67794184681919
4445,30.890380047854563
4446,43.67053869719374
4447,57.94540578479724
4448,65.54700206270417
4449,72.13812429094975
4450,73.18405318533921
4451,76.79932320766557
4452,79.9585561289213
4453,79.9585561289213
4454,79.9585561289213
4455,79.9585561289213
4456,79.9585561289213
4457,79.9585561289213
4458,79.9585561289213
4459,79.9585561289213
4460,76.34935234495256
4461,74.14012955037612
4462,72.60139994759004
4463,63.95711284558876
4464,47.94603082899657
4465,35.97417431344986
4466,36.45709105345859
4467,31.329430472953145
4468,30.4963064020699
4469,40.5131598452206
4470,42.67506727678851
4471,58.60337160525065
4472,64.9253951587694
4473,68.59669457687264
4474,72.9698161812141
4475,77.28627841527903
4476,78.16827090040233
4477,79.9585561289213
4478,79.9585561289213
4479,79.9585561289213
4480,79.9585561289213
4481,79.9585561289213
4482,79.9585561289213
4483,78.25036597154171
4484,78.94359353184167
4485,75.20731815431883
4486,71.7283033146785
4487,65.4734721210133
4488,50.39022715578762
4489,40.47356856254184
4490,34.63529186299371
4491,27.712911415464184
4492,32.92646158791085
4493,32.04287553994706
4494,42.62100179959369
4495,53.67087728590788
4496,64.21714856365251
4497,72.21954470902398
4498,73.10862172599901
4499,76.21547548016963
4500,78.68586735855968
4501,79.9585561289213
4502,79.9585561289213
4503,79.9585561289213
4504,79.9585561289213
4505,79.9585561289213
4506,79.9585561289213
4507,79.9585561289213
4508,78.30932260135376
4509,75.01707137381965
4510,72.32356522534803
4511,66.79821166809661
4512,44.548312699378094
4513,37.42310917748305
4514,29.024993937276157
4515,31.05649518306491
4516,32.62699357814501
4517,40.909464220432
4518,47.57141693737536
4519,51.48673961259864
4520,61.208717966127715
4521,70.28698721710302
4522,74.42450790279119
4523,74.95028353044617
4524,78.82095245774491
4525,79.9585561289213
4526,79.9585561289213
4527,79.9585561289213
4528,79.9585561289213
4529,79.9585561289213
4530,79.9585561289213
4531,79.9585561289213
4532,75.26737957495328
4533,73.2624096273291
4534,68.82999814236659
4535,62.529212957512634
4536,50.30731494374759
4537,37.23089736599915
4538,34.44276693194991
4539,28.441092121399862
4540,26.47907287394151
4541,35.345948759924816
4542,43.45371806271312
4543,47.37585467899349
4544,62.92055900943432
4545,70.21551652878519
4546,72.97881908062597
4547,77.96099974397085
4548,78.17266008882
4549,79.9585561289213
4550,79.9585561289213
4551,79.9585561289213
4552,79.9585561289213
4553,79.9585561289213
4554,79.9585561289213
4555,79.32425993641246
4556,76.1526129629667
4557,72.7380428666901
4558,69.51473148264976
4559,64.62818975543212
4560,47.29168270159138
4561,34.3782343014259
4562,31.641943896074622
4563,31.008578159809083
4564,31.418588980511753
4565,30.46437541978816
4566,36.76780397255808
4567,46.029847689190774
4568,60.671033889133554
4569,71.16048991159471
4570,74.08165475699886
4571,75.1841538823125
4572,77.94899953664434
4573,79.9585561289213
4574,79.9585561289213
4575,79.9585561289213
4576,79.9585561289213
4577,79.9585561289213
4578,79.9585561289213
4579,78.11723561158155
4580,73.40208918942533
4581,73.5111512230579
4582,69.14488553767093
4583,61.29527152570757
4584,48.999049014866365
4585,35.03081805653627
4586,28.090913009495885
4587,29.73712431810718
4588,28.53395834463846
4589,31.253986839729478
4590,41.50456929413155
4591,48.71888119645838
4592,62.986238659102135
4593,66.76388708594712
4594,72.48237050374343
4595,74.02521167872108
4596,78.72746664050447
4597,79.8472812899271
4598,79.9585561289213
4599,79.9585561289213
4600,79.9585561289213
4601,79.9585561289213
4602,79.9585561289213
4603,79.9585561289213
4604,73.99630088601688
4605,73.43904932886907
4606,69.56309000037622
4607,60.516958353363236
4608,44.1528357184928
4609,35.980804031829386
4610,26.26763595346704
4611,26.001912048936816
4612,32.05284135632434
4613,33.914843205752135
4614,33.46926158085851
4615,43.47238352106707
4616,66.49518026843032
4617,67.73154259732702
4618,72.17447186788765
4619,76.94815993122353
4620,77.66911621834724
4621,77.78518203796982
4622,78.89974785435828
4623,79.9585561289213
4624,79.9585561289213
4625,79.9585561289213
4626,79.9585561289213
4627,77.49297683595276
4628,75.19935237339602
4629,72.91865909817011
4630,67.44456054611298
4631,64.21891794826163
4632,44.32695245813697
4633,32.977720801114096
4634,30.318342863691942
4635,29.5940723850025
4636,30.52997465945479
4637,29.760791571878695
4638,38.220729499522065
4639,47.297066731929384
4640,54.15168060431725
4641,67.79400001082207
4642,71.32621134891215
4643,75.53713243554864
4644,76.50881838757878
4645,79.9585561289213
4646,79.9585561289213
4647,79.9585561289213
4648,79.9585561289213
4649,79.9585561289213
4650,79.9585561289213
4651,79.53170852226312
4652,76.40788877478383
4653,73.04360416720566
4654,66.53968881911291
4655,61.554131676561056
4656,38.31380676353643
4657,29.82008808322606
4658,29.68539978985438
4659,27.083046575015835
4660,30.554290826275196
4661,32.10130345620667
4662,32.211360336568
4663,45.85169597870558
4664,58.149060389929545
4665,64.27816966043441
4666,72.71260373082035
4667,74.94674875791188
4668,75.99249419524568
4669,79.39408561132716
4670,79.9585561289213
4671,79.9585561289213
4672,79.9585561289213
4673,79.9585561289213
4674,79.9585561289213
4675,79.16406750551542
4676,76.36995987510916
4677,73.17552521993524
4678,69.199817968518
4679,57.017326586317154
4680,44.416126983985116
4681,33.02245981406454
4682,26.05818193856883
4683,25.48364200723332
4684,27.69212778527658
4685,25.69608966661153
4686,34.31957891419709
4687,39.05627006635387
4688,52.153558849301085
4689,69.05135141701116
4690,72.3811864905238
4691,74.11183010974551
4692,76.69846142385492
4693,79.9585561289213
4694,79.9585561289213
4695,79.9585561289213
4696,79.9585561289213
4697,79.9585561289213
4698,79.01282934448457
4699,76.86080349782526
4700,74.68509210296803
4701,71.92909874067472
4702,68.03327097944751
4703,53.54673363536981
4704,40.40557636205496
4705,28.87632767344903
4706,23.631988056745236
4707,26.81699355814148
4708,26.407498164095355
4709,26.175178012722245
4710,34.37783300010027
4711,39.093366491120506
4712,55.417709215274165
4713,66.03471449256203
4714,72.59425639997353
4715,73.12939217241869
4716,75.7879138578713
4717,78.46840674099292
4718,78.90208778022956
4719,79.9585561289213
4720,79.9585561289213
4721,79.9585561289213
4722,79.9585561289213
4723,79.4374835203162
4724,73.05428593650811
4725,72.38523249951061
4726,69.35847772305662
4727,54.60318829964424
4728,38.72441667071275
4729,29.520276032507045
4730,26.007480058991543
4731,23.916103341167315
4732,21.50084922268981
4733,29.104467477578417
4734,31.203056444319515
4735,41.23433733561625
4736,49.9095892869641
4737,65.64808484064069
4738,71.52085744813039
4739,75.0661810854751
4740,75.38191452316495
4741,78.00253002355078
4742,79.9585561289213
4743,79.9585561289213
4744,79.9585561289213
4745,79.9585561289213
4746,79.49539130830867
4747,79.28778375191011
4748,76.94224795904904
4749,72.60294461519419
4750,70.762559866662
4751,47.55419946394019
4752,38.255029235263045
4753,30.64974854715162
4754,29.771412368257128
4755,22.869368857813694
4756,27.51433564662109
4757,28.562024940738116
4758,34.70490963921779
4759,41.57440841841317
4760,53.954684681820325
4761,67.01013658971453
4762,71.91237872849577
4763,73.27170325454608
4764,75.84114013206995
4765,77.21347681836428
4766,79.9585561289213
4767,79.9585561289213
4768,79.9585561289213
4769,79.9585561289213
4770,79.9585561289213
4771,77.86746207558214
4772,76.06697708947098
4773,72.56878554311177
4774,65.65528145272829
4775,54.39832315823637
4776,37.98692796408782
4777,26.322319323039576
4778,24.98280775019463
4779,24.014645399536136
4780,25.16868446715113
4781,28.664565170529958
4782,31.7610254759023
4783,35.34644747022229
4784,47.887655082756076
4785,64.51560677027511
4786,70.85001361418846
4787,74.31588029220725
4788,76.34548796689121
4789,79.9585561289213
4790,78.71217117445687
4791,79.9585561289213
4792,79.9585561289213
4793,79.9585561289213
4794,79.5180881488246
4795,76.74676331961692
4796,75.37017546403521
4797,72.91117152972132
4798,67.00491260507103
4799,51.808225143888464
4800,36.08333404127717
4801,29.107751448393238
4802,23.98964321441568
4803,24.455615366190724
4804,21.35466843097062
4805,26.045242773876335
4806,28.249967440840493
4807,34.77501209402267
4808,48.71699535911699
4809,65.65764833539166
4810,71.14505839615714
4811,75.00030254750473
4812,75.40501433319089
4813,77.44486318209212
4814,79.01495710767523
4815,79.9585561289213
4816,79.9585561289213
4817,79.77176672999983
4818,77.27891787450986
4819,76.14179188396812
4820,75.52343389776522
4821,72.37605149135265
4822,61.39431975254503
4823,47.97942836480577
4824,37.894261014434974
4825,29.669669171981255
4826,25.302099345567967
4827,23.214446221097138
4828,23.78217071929169
4829,26.539517629914428
4830,31.96320862467374
4831,36.48638114516319
4832,47.8060410822587
4833,57.03284070863643
4834,69.11260404586
4835,72.48136450716429
4836,76.5803282379309
4837,78.46774588525169
4838,79.9585561289213
4839,78.4338442251046
4840,79.9585561289213
4841,79.9585561289213
4842,79.9585561289213
4843,76.97894350381956
4844,75.46623990448049
4845,68.8641391505356
4846,68.00059499888535
4847,52.89177706936881
4848,35.01194564813581
4849,27.648503094441878
4850,19.351679105495368
4851,22.24912915402443
4852,23.04912419824661
4853,26.906104431617234
4854,35.35882201607002
4855,40.12320805848821
4856,47.983725829599834
4857,64.12578134964265
4858,68.35798764719559
4859,70.77036439217378
4860,74.91819329108978
4861,77.29414487782785
4862,78.29864732276403
4863,79.9585561289213
4864,79.9585561289213
4865,78.10963134254376
4866,79.58800686025066
4867,77.51412311119553
4868,73.95775963505102
4869,69.71096176055825
4870,65.15775389118362
4871,51.87410628193925
4872,36.111732316410425
4873,29.559718533939144
4874,27.175522110448
4875,18.65927329515355
4876,21.492250404314383
4877,22.54147563786045
4878,32.00940576233252
4879,41.825742054044184
4880,42.454067964977
4881,54.64070331603543
4882,64.91307718614715
4883,72.90899665533844
4884,74.07668878498734
4885,78.68224729314933
4886,77.63739254159181
4887,79.9585561289213
4888,79.9585561289213
4889,79.9585561289213
4890,79.9585561289213
4891,74.755349670582
4892,73.04768503466745
4893,72.28106431965807
4894,65.48356119854823
4895,52.52109638022603
4896,34.273925475804376
4897,28.848012226751255
4898,20.60036074345212
4899,19.601957161277117
4900,21.797519513824177
4901,25.624355512031435
4902,30.29092560896353
4903,39.24487873689359
4904,43.88452905772052
4905,56.69543164590927
4906,67.91855137565143
4907,72.94255071150579
4908,73.63409601742866
4909,77.42893047633025
4910,77.6885597908487
4911,79.9585561289213
4912,79.9585561289213
4913,79.9585561289213
4914,78.25028568927918
4915,76.470792945669
4916,74.5325438684821
4917,72.54503274600809
4918,64.5189774380024
4919,51.92992524423474
4920,36.89573118734184
4921,26.665534452344858
4922,23.434475029956932
4923,20.34390836387128
4924,21.512096377938928
4925,24.094501886717726
4926,30.30119179226795
4927,39.72183960755258
4928,44.97198861586208
4929,57.53402184061225
4930,67.55871333081284
4931,71.94947612958453
4932,75.47765165218381
4933,79.16337285436457
4934,77.03611687186843
4935,79.67572298803094
4936,79.06471013002141
4937,79.40073165197197
4938,79.55252129146804
4939,76.86366342506423
4940,72.76942683049418
4941,71.92078977868302
4942,61.67442748591921
4943,55.59483649104182
4944,35.317037176753104
4945,25.260288915863505
4946,22.712156149861737
4947,19.367061412916026
4948,20.548911926298093
4949,26.203173811286185
4950,30.085631613604345
4951,42.991980465247195
4952,47.753124069217655
4953,56.31076453485
4954,67.12405036780991
4955,72.5609883846039
4956,75.5342301628203
4957,76.30103458798081
4958,77.75514362204117
4959,79.8580113028752
4960,79.9585561289213
4961,79.83128985271966
4962,79.0673573330021
4963,76.40886035983578
4964,73.74512578679457
4965,71.47216319743815
4966,49.42660882727861
4967,45.97486779191111
4968,34.90968700398879
4969,27.49523032137022
4970,22.809391619261433
4971,18.93501013285976
4972,21.903838755301695
4973,24.170182081170122
4974,30.60254080676315
4975,38.38032563148579
4976,39.53367387487701
4977,45.25817624053397
4978,65.10221847043334
4979,72.50556538634719
4980,74.27648627819187
4981,76.10030026622408
4982,79.9585561289213
4983,79.58245188223077
4984,77.53461928437868
4985,79.9585561289213
4986,79.15607061453134
4987,75.47366447138356
4988,72.5678564695608
4989,69.05448526788399
4990,60.190470850077126
4991,50.22013626343368
4992,34.09170051635437
4993,24.96611387671379
4994,21.903806400850893
4995,19.953626304137714
4996,24.612811611118783
4997,27.122678530477334
4998,32.308397364617996
4999,33.805355977233816
5000,42.84930490850589
5001,49.992148778877166
5002,64.74404739899357
5003,69.88306927541257
5004,74.31440194659581
5005,75.14067314719462
5006,77.83862493153468
5007,79.68749465320931
5008,79.0457083423493
5009,79.24892335268126
5010,77.28568842944688
5011,76.02638499424678
5012,75.12110828551357
5013,71.30958231053737
5014,59.08502652699926
5015,41.74542424429795
5016,36.780113069946474
5017,24.30715813386889
5018,18.896753156368476
5019,19.651827184922237
5020,21.290847105754548
5021,25.67587101499381
5022,32.71693062705096
5023,32.27986327743425
5024,47.23450891346138
5025,54.81051759741836
5026,59.48725163475269
5027,68.7955708712202
5028,73.16511915604924
5029,74.63487831532859
5030,76.59765304496872
5031,79.20228562170091
5032,77.83221622497486
5033,79.45478134836495
5034,79.14037792816528
5035,75.84831857143313
5036,73.6077563710505
5037,70.5875576949957
5038,56.68723180653607
5039,48.62955512974054
5040,33.59376734203061
5041,22.555277721525012
5042,20.983845017431
5043,19.10628681938633
5044,19.73135686792353
5045,26.659908510153173
5046,32.14191212864649
5047,36.69814027132537
5048,47.49997681325252
5049,46.47702676475931
5050,59.35252312857059
5051,68.33360074615753
5052,72.63426835922986
5053,74.90472340400233
5054,76.06148460531226
5055,77.9819289889776
5056,79.9585561289213
5057,76.9343100651863
5058,76.70703563551558
5059,75.48293026903181
5060,72.53522459300719
5061,70.82671502009768
5062,58.94240983178065
5063,48.39351184660357
5064,29.967101344191473
5065,24.84963579770203
5066,16.685552968318525
5067,19.96178439867674
5068,23.016755977033235
5069,22.78294341131483
5070,33.81631286898589
5071,42.10957574356492
5072,51.52138509374215
5073,52.27199581385494
5074,60.08442789723194
5075,68.35188544427191
5076,73.54137393920819
5077,74.85248713300244
5078,76.62520136611352
5079,79.02193240061438
5080,77.85082303732312
5081,77.57854069053158
5082,77.43168623916041
5083,74.91621787495792
5084,72.66235392751543
5085,68.40710886963623
5086,59.625085978358875
5087,42.774430689123136
5088,34.874669056673845
5089,24.315815199429238
5090,18.840561595481073
5091,18.49987640335159
5092,23.319577380765615
5093,26.258704254933324
5094,35.54869361872351
5095,40.54082177720157
5096,45.79758217982765
5097,49.75367991088322
5098,54.945765212619136
5099,67.10012110559842
5100,74.20328604914629
5101,75.62626219369544
5102,76.58019671524174
5103,75.31704852922928
5104,78.59086632700811
5105,77.54257415087315
5106,76.80330203288696
5107,75.7775466951081
5108,71.12965842774678
5109,68.44631328386572
5110,61.323850590812604
5111,41.679951829192966
5112,31.571501067934168
5113,21.358257217092756
5114,17.37342917896187
5115,20.23150108459432
5116,22.108565221421202
5117,27.46709439920349
5118,37.31407063438635
5119,41.54284233277124
5120,48.12941395615262
5121,62.323895999996466
5122,57.03987449476246
5123,67.20666090710989
5124,72.27500486282635
5125,74.67142783867169
5126,76.62233388962461
5127,78.76348128946896
5128,78.74549631274907
5129,76.93672906005632
5130,74.82347653719036
5131,75.31004562990108
5132,73.28323851147451
5133,67.04139658252848
5134,58.389627433038356
5135,35.236347863624765
5136,26.413581536089072
5137,21.225787641818595
5138,18.547120781163066
5139,18.877122587473547
5140,20.65957194453493
5141,31.129658259847446
5142,31.882530200616973
5143,44.81942828165227
5144,44.85038841446284
5145,54.87291792577008
5146,53.797756796350484
5147,67.09244507500337
5148,73.08714066093908
5149,74.01548815013446
5150,76.28448239923414
5151,77.13318227825123
5152,78.96758765116734
5153,76.0561301103811
5154,77.56938302121367
5155,76.39984973640365
5156,73.13112005449024
5157,69.07359832216183
5158,57.10089707676992
5159,36.22205956445091
5160,27.298193091763224
5161,18.61116896947989
5162,18.49033502323837
5163,20.134552409241913
5164,19.881174419307776
5165,23.969930394439928
5166,33.713851833512386
5167,39.30934388786465
5168,40.88126840473076
5169,48.52217353742561
5170,56.86336010078075
5171,66.55642934105961
5172,72.3932608232225
5173,75.2241927611185
5174,76.9557192403471
5175,78.17166099323164
5176,78.42715072922186
5177,75.0841930679597
5178,75.85006192843989
5179,74.66440246079868
5180,72.02688871457646
5181,67.4369816230326
5182,51.01908628303154
5183,38.78837972261257
5184,29.35715047115913
5185,19.837862938587666
5186,17.526519158519136
5187,18.465168075938717
5188,22.926372125663455
5189,26.630093042566344
5190,35.12686184100282
5191,43.31076352833471
5192,44.77688717980987
5193,50.75753763093121
5194,59.52866817135559
5195,65.35425837377277
5196,70.06775464860944
5197,73.38137928416131
5198,76.20349088610024
5199,75.99028570925509
5200,78.33651431156123
5201,77.00828861749298
5202,76.30429749656143
5203,74.7909798259476
5204,70.71133033283661
5205,66.29161505668434
5206,56.31732992981425
5207,39.012997345189454
5208,26.010804882660143
5209,20.54506065928836
5210,18.757555683257316
5211,18.627338996423877
5212,22.398928512730976
5213,33.12372860166982
5214,41.47674600861751
5215,42.09994966750353
5216,49.179174781855394
5217,50.24416011547554
5218,56.49593069407643
5219,66.17225132585749
5220,68.80741406562606
5221,73.83851406987922
5222,76.90144272952143
5223,77.81908135657052
5224,75.64786544955521
5225,76.78651884744541
5226,76.05754069582629
5227,72.81721834956028
5228,72.94072724579847
5229,65.89541978180978
5230,58.2845176541567
5231,39.04016386576069
5232,24.961273181819575
5233,20.313519255714322
5234,18.437206687000867
5235,18.497557174772865
5236,24.31142734198048
5237,32.19368170616632
5238,47.731307210271396
5239,46.53705908273647
5240,50.148129133016255
5241,52.15635810745982
5242,63.86659246279891
5243,65.04777255542332
5244,70.88042213846265
5245,72.27686300253885
5246,74.31819035800358
5247,77.98892970220265
5248,77.37841744106038
5249,76.59285241850455
5250,74.24115538341003
5251,73.5837581916141
5252,73.16864165630886
5253,62.05756889776637
5254,54.03900139781566
5255,36.9676088153252
5256,25.241403763654095
5257,18.10247216949111
5258,18.816986530650187
5259,17.148386468627862
5260,25.164644605770928
5261,37.08901864979581
5262,44.667042642430005
5263,51.15221027596988
5264,44.873428301078235
5265,53.47098133002515
5266,64.23358719109149
5267,60.9434365334343
5268,72.47194951481214
5269,73.45517461018872
5270,75.39484085380673
5271,76.09853284273936
5272,76.72323818989082
5273,77.38365115805685
5274,75.98484795186954
5275,73.924939698008
5276,72.66490208656752
5277,68.41112572473102
5278,54.43267396968852
5279,34.77860110845677
5280,22.510474496893227
5281,21.2205534356297
5282,17.671928048091203
5283,19.87426762144931
5284,24.490267982984363
5285,37.672935755335885
5286,43.31063682328113
5287,52.67396571543659
5288,50.991343027420804
5289,48.35164166046729
5290,55.963802836919164
5291,65.52466336462807
5292,69.76507300754653
5293,72.93285971991088
5294,74.32906266055653
5295,75.60746012707884
5296,76.59805621434882
5297,74.75314428377467
5298,76.97091023575729
5299,73.90815335203617
5300,72.29884261537755
5301,67.1652979833923
5302,49.122515189519056
5303,37.66549982578346
5304,26.340219915896224
5305,19.53798701528345
5306,18.10701083837379
5307,21.505600893352526
5308,24.963622141236943
5309,34.95205047641066
5310,42.27784350332412
5311,54.06170274638947
5312,59.68447482233351
5313,56.10707011753047
5314,62.19318240359917
5315,64.59047953881628
5316,69.47292318211797
5317,74.28350802036218
5318,74.0974230217293
5319,74.89072216137075
5320,76.31353774499085
5321,74.85107008022091
5322,75.43196199700742
5323,74.49024296170128
5324,69.2372395066935
5325,61.31729041993396
5326,46.79239718292276
5327,34.61017164868198
5328,23.055642144164583
5329,18.224318386944493
5330,17.03037295611513
5331,19.68206397872004
5332,29.320905546893805
5333,30.88752986630562
5334,41.70073640285366
5335,57.08902656723343
5336,56.70579840708922
5337,55.661975371671744
5338,53.24282609751353
5339,65.96856564590263
5340,68.1956066988154
5341,72.37855209671244
5342,73.16412885765178
5343,76.15852607460907
5344,76.11530172137164
5345,75.11101188809184
5346,75.1919446114541
5347,75.28150713640512
5348,67.9296140380625
5349,61.809073433904004
5350,44.15975189797722
5351,35.39028732591287
5352,25.028705215584406
5353,18.46640699070226
5354,21.93788878990329
5355,22.66474500362817
5356,29.078772619660203
5357,39.05770187125467
5358,47.305170488167235
5359,49.18997951559366
5360,64.83525716393983
5361,53.272414159137746
5362,55.23607634701671
5363,61.22067646987527
5364,67.85250478346221
5365,70.8205449821483
5366,74.02021194941852
5367,74.6260040913187
5368,75.07391955678457
5369,75.06554169214458
5370,74.90986713797896
5371,72.58706517590507
5372,71.01914583320413
5373,59.16840926172341
5374,49.340816159346836
5375,32.2912978020225
5376,23.344755863547235
5377,17.983686221736182
5378,19.65646478191067
5379,24.610820749694554
5380,27.019410377188425
5381,36.133954220563126
5382,46.155456384916974
5383,54.03747956592648
5384,62.727083862065854
5385,66.32497489347709
5386,57.16540022442418
5387,66.17146960652485
5388,70.14630177739546
5389,73.57055608245922
5390,74.1510786330631
5391,74.35886105250532
5392,75.08788611373869
5393,77.25069934536073
5394,73.84676859272888
5395,73.14569526943505
5396,68.31694826136723
5397,61.47552048341423
5398,49.24119614444764
5399,34.13499746620211
5400,23.2507425159605
5401,19.08254172619732
5402,18.30194789959913
5403,20.34412831066079
5404,34.78635433407166
5405,42.20902942265814
5406,48.04260563867912
5407,56.66121402502357
5408,60.45051846170274
5409,63.48960789320452
5410,61.00812115511202
5411,67.06729669150207
5412,67.42612857180666
5413,71.03992132701264
5414,74.67646097943052
5415,73.82579214771104
5416,75.33102198390533
5417,75.36156400360258
5418,74.76448288139528
5419,72.6849443550339
5420,68.26086985585101
5421,61.088650224080546
5422,41.51620418323188
5423,36.008151922636415
5424,21.040359131107806
5425,16.054874368673573
5426,18.515571345650287
5427,22.67970432248634
5428,28.600278783402437
5429,45.83622619959278
5430,51.303636747829664
5431,60.17431776449275
5432,66.71550341942859
5433,59.445343569015705
5434,52.568973387511384
5435,63.9074897339228
5436,64.64892702396132
5437,72.6890752574958
5438,73.16041470007907
5439,74.59419466600735
5440,74.68908405368111
5441,74.83757478290867
5442,73.21154817273649
5443,72.87995523875843
5444,66.79196069458123
5445,57.014634636831914
5446,46.760004105032685
5447,32.806718180061
5448,24.214839822380107
5449,19.676505279538667
5450,18.293548771452386
5451,25.086096336786216
5452,33.91085292617984
5453,42.04237880469147
5454,45.01058153576196
5455,65.98696468499054
5456,64.83371179679916
5457,67.41700686505368
5458,60.144644128421426
5459,62.94825161646462
5460,66.25648406610841
5461,71.33540091906247
5462,72.62005991179278
5463,75.22160705836195
5464,73.69877312914048
5465,74.99348742844754
5466,73.52703476969555
5467,72.80618061231912
5468,68.93387983771021
5469,59.22364002426896
5470,43.02464494998259
5471,27.10959023129701
5472,21.203405700049316
5473,19.25661359288236
5474,19.103952021159152
5475,27.37274271760785
5476,30.53623650454876
5477,42.93420898723935
5478,55.15173267388182
5479,62.280011995998805
5480,66.88858657815692
5481,63.78861029332648
5482,65.23372008494582
5483,60.819852141921494
5484,66.759210184286
5485,70.43374129361074
5486,72.59139950260584
5487,73.34153333545862
5488,76.04239100542449
5489,75.03108777659577
5490,73.59169732174173
5491,72.32768056511061
5492,66.96994593012937
5493,60.401098278611386
5494,40.55995561102642
5495,31.26182476122247
5496,19.080892151020198
5497,21.463387513873563
5498,17.545520235313
5499,25.001420354490495
5500,33.643464655323186
5501,41.516936831469145
5502,53.170575245396606
5503,61.03004296211448
5504,65.91077527954522
5505,65.46782928096701
5506,65.64528158754739
5507,67.38006232273815
5508,66.8589929410406
5509,72.09021156636534
5510,72.0786451201726
5511,72.79373713621835
5512,74.89309823881732
5513,74.33029952721682
5514,72.95544046874129
5515,70.38932734219604
5516,70.02680825577187
5517,62.26058903691166
5518,40.100283659197075
5519,29.290473997544975
5520,19.447921038264585
5521,17.97087124372548
5522,18.97487248048077
5523,27.4219223236287
5524,37.878207971666086
5525,45.13979513290206
5526,56.2913265013636
5527,65.78038619965464
5528,62.9601979222676
5529,67.4881200360036
5530,67.25647699972178
5531,62.45918134842615
5532,68.43478777643585
5533,66.20782497272197
5534,73.01794634888823
5535,76.12806684280893
5536,73.28173184346736
5537,74.49873294103355
5538,73.06065336934742
5539,72.67971366113254
5540,68.09857431811395
5541,57.72196386676394
5542,44.30127237550842
5543,31.898875972141006
5544,21.816307199826067
5545,19.658106210109224
5546,19.01686554930621
5547,26.40806463720659
5548,35.76143209499243
5549,38.27852501164327
5550,55.15482842408721
5551,64.86964456419122
5552,70.81691852307195
5553,68.83462277435967
5554,64.60722331571469
5555,67.47310556449028
5556,64.76467033510181
5557,67.49824471227046
5558,71.84885184683026
5559,73.58968177742723
5560,72.75357538156106
5561,74.49709880055201
5562,70.82293664778823
5563,71.99868989102053
5564,69.1441682631337
5565,55.511470534504596
5566,39.683134046409556
5567,29.257374738259525
5568,21.189856308005684
5569,22.378508766220616
5570,23.151933730057813
5571,28.775308903943714
5572,43.20556994581666
5573,46.74975313802889
5574,62.43435793430493
5575,65.42455914632811
5576,67.5572553946718
5577,69.06435908319611
5578,65.6472051737101
5579,65.31613435405681
5580,67.10904490776008
5581,70.04210507639526
5582,73.79845817290459
5583,74.1791022431721
5584,73.36298137164398
5585,74.79373304386212
5586,73.31718337368376
5587,71.61795823061294
5588,69.67943106370531
5589,46.07212192006279
5590,37.11978332616514
5591,29.110354162151594
5592,19.963193871332873
5593,16.89217763424546
5594,20.744792218393844
5595,28.198797486608704
5596,33.491798890583055
5597,47.264963429002336
5598,63.99379887555608
5599,65.75446191185682
5600,64.25321926892852
5601,70.80116023245822
5602,66.34740670319506
5603,65.87557271233183
5604,64.85174345457689
5605,67.57827670265901
5606,71.8174640145621
5607,74.17421047930326
5608,72.78623575451721
5609,74.14569643110468
5610,69.05093148226139
5611,68.95128395215708
5612,68.30121597284864
5613,57.005298711719135
5614,39.8361621613802
5615,29.225546475418135
5616,23.78692513862656
5617,20.505536665424508
5618,23.572927316258486
5619,27.664115462356452
5620,36.22010024256196
5621,42.61158255623378
5622,58.903949988992
5623,65.2737597807423
5624,71.3107431819845
5625,62.18956768227977
5626,68.86795318021544
5627,61.523222929590645
5628,64.56680149697786
5629,67.38446569789409
5630,72.06436893835897
5631,73.17148101875419
5632,74.46954432978734
5633,72.49468607374935
5634,72.79823151088677
5635,72.09738693251346
5636,66.35364980574157
5637,51.24965754802566
5638,36.70881402670464
5639,25.259561300608596
5640,21.71243134423887
5641,19.73385523737486
5642,23.560791455939565
5643,31.853746974182645
5644,35.063516953034146
5645,47.84685219134948
5646,58.17770545446783
5647,67.18038003940475
5648,72.28248354965731
5649,67.28177312005205
5650,68.94843715314998
5651,57.75254478768798
5652,66.45128711403999
5653,67.41743821786993
5654,70.3470534307841
5655,73.09681246304044
5656,74.13903296689665
5657,71.98541623151868
5658,72.52522226171548
5659,69.78679049484555
5660,59.76930008915957
5661,47.65300370165572
5662,35.586172624987086
5663,26.227799894192614
5664,24.61680022777424
5665,19.151061934393017
5666,25.67567965410045
5667,29.92356444095636
5668,40.815784547378705
5669,49.62100972530066
5670,59.04645813683253
5671,68.48324504833286
5672,68.72908288922892
5673,69.57443599097242
5674,72.41809554381484
5675,67.02039810263031
5676,67.82758306197253
5677,63.75686518964871
5678,68.39971469219527
5679,72.82656111032863
5680,73.53574093508847
5681,73.03722199465622
5682,72.57982710276637
5683,71.02982617774266
5684,67.481611069886
5685,51.83767528709806
5686,37.3468184241373
5687,29.274631100639958
5688,21.566135463614927
5689,22.6527090802821
5690,21.86106599803243
5691,29.48753458054375
5692,37.00972773780329
5693,50.09132069377381
5694,61.09111386723957
5695,66.67271886374526
5696,69.53167952325181
5697,68.88715100527997
5698,68.76829265535075
5699,69.34534543120873
5700,65.19861908763805
5701,68.61637340797202
5702,71.29421361028162
5703,72.77285560409271
5704,73.22477175538889
5705,72.85116511718216
5706,72.49862015067278
5707,70.4025161212892
5708,59.926223221997944
5709,45.78741610665254
5710,33.837644548451365
5711,24.46415795034196
5712,20.284667346435615
5713,21.440536931515545
5714,24.71573426711759
5715,37.35917201116867
5716,37.91196855001855
5717,57.23505993395721
5718,65.96763960547014
5719,67.98569502320103
5720,68.21639038620269
5721,72.06338139317928
5722,70.01106609048716
5723,69.64125096785172
5724,67.8730674080414
5725,64.21227871450021
5726,72.91512996141279
5727,73.39347004338481
5728,73.15834319913768
5729,74.75882604345014
5730,72.51405008010722
5731,69.20094990061264
5732,64.61636512239122
5733,49.51493983615004
5734,34.43684255796656
5735,26.564789289320505
5736,21.82404044735137
5737,20.8479868040221
5738,22.127324506784124
5739,29.72466728745588
5740,43.31020956911693
5741,48.65591480339099
5742,64.2994115272051
5743,69.51548337063903
5744,70.4651495961962
5745,73.40138369933445
5746,69.03924363778897
5747,69.90074052262794
5748,66.0235543001672
5749,67.36938259718644
5750,66.9226070568633
5751,72.27323466328647
5752,72.59140760904562
5753,72.60619876445502
5754,72.95253752866421
5755,69.13155478686085
5756,64.13429773803446
5757,48.89858034690707
5758,35.21110964145192
5759,26.308228289627834
5760,22.04160202622691
5761,25.63931727532721
5762,25.64892862324999
5763,30.5514219234886
5764,40.97293139271111
5765,54.06775037596471
5766,65.97559122500917
5767,70.68501201305801
5768,72.40830686836853
5769,72.71940729732017
5770,72.28162092296452
5771,68.04670475175445
5772,64.58048002259298
5773,68.14405817748423
5774,68.76990540722115
5775,72.66055433894078
5776,72.69158368796725
5777,73.44204893424632
5778,71.49799026178925
5779,69.78457501409878
5780,64.6680156809195
5781,50.28902755033565
5782,34.25396415093952
5783,27.65425263743452
5784,20.331450997278782
5785,19.928561665327308
5786,26.35512914965801
5787,32.98996674346096
5788,42.02991138875985
5789,56.5045165195805
5790,64.64503949175491
5791,65.82110416381204
5792,70.34270740586945
5793,73.50839745336533
5794,72.75096712076734
5795,68.16242989967662
5796,60.03496782792259
5797,66.29352318514316
5798,68.1906534277757
5799,72.4213901198456
5800,72.36442152817006
5801,70.84089478984484
5802,72.1190611293814
5803,68.22517602915056
5804,57.34275082685046
5805,43.528226787217825
5806,30.280391422798203
5807,25.940931324205167
5808,19.2076025768355
5809,24.439542463284916
5810,32.20052881990178
5811,28.96613646467871
5812,41.595728087847725
5813,54.95959587777047
5814,67.62292216037514
5815,69.30917517029614
5816,72.59691533637026
5817,73.02044840296887
5818,72.4165118330526
5819,67.30341014728367
5820,65.71859157925634
5821,70.90672095624237
5822,68.51626292331497
5823,71.51346893886995
5824,73.26629800757044
5825,73.20203277809154
5826,72.0625052937025
5827,64.86223841599208
5828,62.5460675303582
5829,48.79212838664864
5830,30.24087140889341
5831,27.703861818436664
5832,21.08072594918178
5833,23.77579788137768
5834,29.83582739467481
5835,32.14327530073973
5836,37.6875375921505
5837,56.720852741886816
5838,65.20517993585108
5839,67.79378798191073
5840,72.74279596656885
5841,72.58172848187213
5842,72.52004434461422
5843,72.74209664295715
5844,65.14948028565354
5845,67.3748990179752
5846,67.72029612786184
5847,67.51446011789515
5848,72.30788022328075
5849,72.81638935622642
5850,72.6236178651216
5851,69.28638680779216
5852,60.51524954473948
5853,39.774963197651616
5854,31.289894248016058
5855,24.238588427035406
5856,23.094501870999608
5857,24.1126979638183
5858,32.465250250599524
5859,36.1534366934819
5860,46.55962918005912
5861,56.8511350925122
5862,65.49957346845969
5863,69.71570927784
5864,72.35721186204057
5865,73.39730117651553
5866,72.77192845221222
5867,72.30169586300738
5868,65.32022897000333
5869,65.77778788677016
5870,66.72918214637333
5871,70.59442081974638
5872,72.71846652808148
5873,72.25672644994144
5874,70.45760632232245
5875,65.51630926327061
5876,62.603128392780924
5877,43.788921053876685
5878,32.06282282737406
5879,26.24426578403255
5880,21.526909630764937
5881,25.04219770830983
5882,28.1697892073969
5883,37.39687442440814
5884,44.09003228349768
5885,50.75164878293771
5886,64.31093906278997
5887,69.71826726066402
5888,72.34932196654012
5889,73.33887544184135
5890,72.51501014171039
5891,71.9418654521951
5892,68.37327212384757
5893,67.69640912939597
5894,64.30716123813781
5895,70.38836595103433
5896,67.31927571918192
5897,71.42455290334709
5898,69.96203173044766
5899,66.72471632626846
5900,57.491208983881165
5901,46.28286958683483
5902,33.92614355321994
5903,28.186529085859583
5904,24.873530392572874
5905,27.197027855400133
5906,29.516913300985077
5907,39.792952102000086
5908,49.20842076073399
5909,60.74015252558755
5910,66.41967012333099
5911,71.08670587132457
5912,72.62742729474121
5913,72.53747163542832
5914,72.7363209454948
5915,70.53567820695562
5916,65.23849389792024
5917,66.40697455098899
5918,65.13569943195063
5919,69.71765134192415
5920,71.37518798262163
5921,72.67121515788655
5922,68.43782422467046
5923,65.3794766836287
5924,55.42618103664231
5925,42.81671543374894
5926,32.52577620033909
5927,27.30439747377813
5928,21.722501238471846
5929,22.989260136262715
5930,35.58913454585457
5931,36.525824279462704
5932,48.8766221362352
5933,57.69732815880955
5934,67.33352800256617
5935,70.90403623695286
5936,71.0420485356652
5937,73.2106084338938
5938,73.60230533430372
5939,72.76646595551516
5940,67.77622610437349
5941,66.7722420166848
5942,66.58391507609714
5943,64.27185278355081
5944,70.01683151201858
5945,67.19460487484783
5946,67.7834411816504
5947,65.18638794247951
5948,61.97443845443832
5949,42.126467479716595
5950,30.60242857142763
5951,24.755869984506806
5952,22.707130758597934
5953,27.37341470270678
5954,31.096844091675827
5955,41.139946238426774
5956,47.745735338671565
5957,60.380763837755815
5958,70.89946813594031
5959,72.6942476805286
5960,74.07529626423066
5961,74.19807155279379
5962,76.33740471041561
5963,72.85726182092138
5964,69.50574080529947
5965,68.34418331785379
5966,67.56513964309225
5967,69.76106559036614
5968,68.90657627490725
5969,70.53490875807633
5970,66.21204257579078
5971,64.06848484391041
5972,54.71932276902151
5973,37.60919455069934
5974,29.56221573190964
5975,26.099961512887955
5976,22.347684289763308
5977,26.25702378010596
5978,35.65531470397139
5979,36.756789624952376
5980,47.22074438018388
5981,56.55722487441777
5982,67.13645716964307
5983,73.01896625836457
5984,74.62154292697133
5985,73.87057187030753
5986,73.24180235061806
5987,68.4051202266241
5988,71.57808194946824
5989,64.57277502613753
5990,68.90362763860664
5991,67.47943772034235
5992,69.66860230854273
5993,72.89708844504331
5994,66.69107587677203
5995,66.00895011389946
5996,54.475093215014276
5997,40.47447800964291
5998,36.663115177998414
5999,26.982482405113156
6000,27.579185423682123
6001,28.16277290960056
6002,33.11500369925919
6003,33.83970396550683
6004,38.42164295091346
6005,59.27405336948589
6006,66.44127708561702
6007,70.74932742468793
6008,73.99074599052064
6009,73.62907564138295
6010,73.91493513470957
6011,73.90397161618466
6012,72.66070216178221
6013,64.87358855057359
6014,68.5105694285896
6015,71.5737128337022
6016,71.44757729361498
6017,67.91082446586441
6018,70.18201592826463
6019,57.797283805501564
6020,52.53765308214275
6021,37.927803406661624
6022,30.699331588166345
6023,27.827508030561564
6024,24.610486690331463
6025,31.969652837765086
6026,30.699697401941485
6027,41.62823519131632
6028,50.65459884093074
6029,57.519815804123205
6030,70.49349187556933
6031,72.74848664261309
6032,73.42879107240005
6033,74.86935677382107
6034,74.01277475411331
6035,72.57518922497954
6036,68.4240885532623
6037,67.06794783802117
6038,66.35145206849889
6039,66.31851075665071
6040,70.8166297842467
6041,68.85023838452648
6042,69.76423099270032
6043,64.43696873760327
6044,53.22521119928009
6045,40.10559893259596
6046,33.139700991583766
6047,25.87470667194772
6048,23.89782023038393
6049,29.464010277808168
6050,37.593230374014965
6051,37.39812362785622
6052,48.99015748197542
6053,60.977547119112984
6054,68.10593947474248
6055,72.30189397432773
6056,74.83056341939995
6057,72.92998887880871
6058,75.35143817666561
6059,73.91567135561363
6060,68.77372277875332
6061,67.1458941004221
6062,67.58194864115802
6063,68.02314044060083
6064,68.48406350136416
6065,69.47132439739576
6066,63.67440077581547
6067,61.52455401265428
6068,45.78066946188624
6069,39.574817348861735
6070,33.50953124847916
6071,25.9649234670201
6072,29.263066839551495
6073,29.952325400312702
6074,34.292554813951966
6075,34.31606024200969
6076,49.59726544449198
6077,61.90798315529563
6078,67.73156307746626
6079,72.33174680458455
6080,74.06941892023366
6081,74.32736398754771
6082,72.22551931524747
6083,73.19900599157666
6084,71.01665674729773
6085,67.15689372565473
6086,65.08107964939448
6087,69.32786258377489
6088,68.61523321911457
6089,68.23209705042767
6090,67.4072176273827
6091,64.86440967772036
6092,46.94834218709632
6093,38.7400788407237
6094,34.775162514929434
6095,24.0380498767222
6096,27.232998645365843
6097,29.688017823936455
6098,32.03280653772332
6099,41.517155515147806
6100,50.16689795793892
6101,64.9244744792633
6102,69.0704197384856
6103,72.09411937744753
6104,73.49852712609605
6105,74.60777592009373
6106,75.57014824491343
6107,73.19635201213221
6108,72.09939736919043
6109,66.18489008841831
6110,68.68386086924323
6111,66.9679506123634
6112,68.76720449668235
6113,68.43965276092341
6114,63.67499465637771
6115,65.93138313777277
6116,51.00652922542004
6117,35.40430138946672
6118,33.09565338451786
6119,29.01008805546085
6120,31.643235368954098
6121,28.117304225243675
6122,30.567804825999904
6123,44.39676224758741
6124,46.534606076011016
6125,60.459149030488526
6126,69.09273444143008
6127,72.86098107561479
6128,73.68880646717055
6129,74.35841282236173
6130,73.37124930355431
6131,74.20846892214736
6132,70.79093186727292
6133,70.04966682038632
6134,65.10942634186182
6135,67.54404579913617
6136,70.1070461248162
6137,70.5601115229531
6138,67.38131412802994
6139,60.04546816616019
6140,50.33802502880539
6141,39.835377160320725
6142,28.53156961108563
6143,27.49423914438922
6144,26.01440356964062
6145,30.747804748411443
6146,35.81156561061985
6147,43.39355571524982
6148,47.79054327911757
6149,60.490262067345306
6150,70.4812670153087
6151,73.00420917277582
6152,73.94204246154497
6153,75.20675252455591
6154,74.53506770016163
6155,73.41558360918528
6156,73.66626772190058
6157,68.3314822588707
6158,61.16635143915199
6159,69.3434263128356
6160,66.49778871821296
6161,68.78138695751518
6162,64.50873235716881
6163,64.39924476331181
6164,47.42760959034675
6165,41.06251790979419
6166,31.58477659741719
6167,22.966517646042092
6168,34.12912654682888
6169,28.97739993453796
6170,33.47675470394859
6171,45.04850059464575
6172,50.3388331213909
6173,63.34316709778705
6174,69.27553164580034
6175,73.01333651403428
6176,73.19586107270526
6177,74.63872339821002
6178,73.95905506643774
6179,75.34330603930194
6180,72.58982141173064
6181,65.30219358280966
6182,68.63967834783573
6183,66.2022317201527
6184,67.48209012948622
6185,69.29604356231206
6186,66.18456513296042
6187,61.73575696425272
6188,52.54124323365937
6189,38.347945960549694
6190,28.41413469024197
6191,29.16463967979787
6192,29.640939733353854
6193,31.520608534853032
6194,32.334042496961764
6195,41.48026758236101
6196,54.12108988039039
6197,67.55991226941987
6198,69.99845362034209
6199,72.50184874122402
6200,73.87070435191558
6201,74.6400766258652
6202,76.12641300790239
6203,74.23437532242573
6204,70.10021756464842
6205,67.77308053898597
6206,59.36099489759465
6207,64.53348032072884
6208,67.5741229077649
6209,64.92675876360089
6210,66.90183435319462
6211,52.51371198364855
6212,48.31989599844144
6213,39.87322561782342
6214,32.04549858895881
6215,31.031102413558596
6216,29.911450696156187
6217,31.183510874754756
6218,33.2628338969347
6219,43.37266642417419
6220,58.18323225772964
6221,59.120630606899134
6222,69.19537621263835
6223,71.07998757969149
6224,73.5186686484582
6225,75.59811674908222
6226,75.0222925404716
6227,73.77852497557068
6228,71.07885112602563
6229,69.36760623921121
6230,69.69967294454796
6231,67.52582007831742
6232,67.30702416347556
6233,67.76484553669941
6234,64.65903684303395
6235,53.29371319705048
6236,53.291074061832745
6237,36.91165126984378
6238,30.514198052906583
6239,32.07102548509382
6240,33.39133819630261
6241,34.463375860975376
6242,38.79192422904029
6243,40.48007654121285
6244,49.98906669673024
6245,64.90003089698423
6246,68.26734318117283
6247,73.12954366984073
6248,74.44705002234431
6249,74.20336268208474
6250,75.93864472440146
6251,73.7380166719074
6252,73.09045618012777
6253,68.79391049534432
6254,67.2012435827807
6255,64.62929846991109
6256,61.06295812495075
6257,67.24068315584508
6258,64.4106720155578
6259,51.71681960042075
6260,45.62870474035539
6261,41.84821970693298
6262,34.08511627097934
6263,27.795691553569984
6264,29.65825714226965
6265,31.57660033856166
6266,33.206558190546616
6267,40.313791322085734
6268,59.02730496715318
6269,67.29693107154496
6270,69.80635196567685
6271,73.44033084146218
6272,73.96905612829647
6273,74.43524762573081
6274,74.50083098564203
6275,74.18209577439981
6276,73.31579624947723
6277,70.21745092052052
6278,67.20580551780782
6279,65.84963153902723
6280,67.99086465900389
6281,66.72358968451489
6282,64.78627563546432
6283,59.2593470088797
6284,47.36683289172872
6285,41.20478358010256
6286,29.972263831126977
6287,31.33186625155738
6288,31.97088377301916
6289,35.167268566781566
6290,40.327569237774675
6291,40.65108529930253
6292,55.295028320074195
6293,66.63546543839574
6294,72.3623088576919
6295,73.2328242539917
6296,72.80902792004365
6297,74.65995374462683
6298,75.9984538824144
6299,74.50531521843926
6300,73.92464229059254
6301,68.47920855088611
6302,65.98955535923784
6303,65.74721090059988
6304,66.85880309459903
6305,63.75445436432292
6306,64.92879942226602
6307,55.833312508517416
6308,44.570018860838275
6309,39.06293426839071
6310,30.261818287278462
6311,32.22581853189344
6312,35.176687160169635
6313,38.13664857424503
6314,38.177504799862234
6315,46.144881988134664
6316,49.94780668290564
6317,66.34032285293381
6318,72.39621259984385
6319,73.41809952420358
6320,74.18875025506236
6321,75.39084332831656
6322,76.5910782692402
6323,73.64082684646957
6324,72.78954555639086
6325,70.35569789912321
6326,70.33527347711652
6327,69.50609725674082
6328,63.67199803114068
6329,58.75028212155251
6330,60.08312012947568
6331,57.25263983312532
6332,43.019966672259955
6333,36.59232509053359
6334,35.57662411172075
6335,29.014022599969092
6336,32.54727906773626
6337,34.863454112747576
6338,38.03556644016311
6339,46.3458075062121
6340,59.25278426081591
6341,67.20434194779575
6342,69.57617985563294
6343,72.98019678140504
6344,74.31484587117178
6345,74.95114668143795
6346,76.31200707819849
6347,75.89459588531699
6348,72.3290944544465
6349,72.9184242675305
6350,65.13340104504893
6351,65.07757914616056
6352,61.7529806618384
6353,65.34434758072162
6354,60.200227787878426
6355,51.459662301849306
6356,43.21342712103562
6357,37.37857442959648
6358,31.650768829429666
6359,31.791644039285075
6360,35.10407893921555
6361,35.985224906739774
6362,35.09844079747515
6363,52.23558355964427
6364,55.57783800282816
6365,67.23443564240512
6366,70.9087581302499
6367,74.5044586541135
6368,75.24136675363084
6369,76.96591801453727
6370,74.12140088761072
6371,75.41589870240259
6372,73.54717606040315
6373,71.55866716025527
6374,70.8066840520965
6375,67.13844072663147
6376,62.83989552374913
6377,65.24251803282935
6378,65.75402756363157
6379,56.10040156673669
6380,47.366127256734885
6381,36.29840407495238
6382,33.381668957820935
6383,32.31013732867057
6384,32.99061951569313
6385,32.57257282619853
6386,33.07842231475093
6387,41.48754027033602
6388,58.92777752930636
6389,67.27522459133478
6390,72.63058941216245
6391,72.58886211672028
6392,76.44007573715577
6393,76.00054819497464
6394,76.80723725986984
6395,74.24300559540879
6396,73.83199507846501
6397,73.20472395237536
6398,66.06866144134214
6399,65.81462782185459
6400,67.11186036153329
6401,66.0004702277777
6402,59.35048077751168
6403,50.878441752431904
6404,43.22163625849378
6405,35.33046536688275
6406,33.60289666542426
6407,31.31957097536537
6408,33.244479123189286
6409,35.15259036901048
6410,36.62565034770158
6411,49.334334256801206
6412,59.71568988385909
6413,66.47138533084939
6414,71.78541256117211
6415,72.73721191685632
6416,75.32959099977069
6417,75.74034103904847
6418,74.6750330875052
6419,74.80654441455901
6420,74.89092195925961
6421,72.55083976422571
6422,67.82622049383427
6423,66.59376774493313
6424,66.38752990766443
6425,62.074302510508964
6426,53.15611389938403
6427,46.949143640252835
6428,51.52462517625862
6429,44.606498392185024
6430,30.186634873882987
6431,29.735162029004144
6432,32.32572697437957
6433,38.73564475346439
6434,38.8463800949657
6435,48.60751061997808
6436,53.329693354944254
6437,67.09604126175805
6438,69.77787428840298
6439,72.38500990914511
6440,74.34591493941724
6441,74.51946562665863
6442,76.82025072576201
6443,76.14508305773825
6444,72.78571925929259
6445,70.23960398951692
6446,68.5561272334042
6447,66.70326663885922
6448,67.0121980061871
6449,62.69831565566001
6450,60.83307903767326
6451,53.963228492261756
6452,42.968549757308814
6453,41.15928334622629
6454,32.226966927573
6455,34.66811504859002
6456,34.0039361140161
6457,37.38191532325946
6458,42.65338651342965
6459,44.84711272418736
6460,51.81018821690061
6461,67.39146081592568
6462,71.60319223864745
6463,73.49373811644045
6464,76.6851352307551
6465,74.57428735557795
6466,75.42889550134407
6467,75.17235649528287
6468,74.63501721639393
6469,69.07655849518369
6470,64.83238486193812
6471,64.6241429526559
6472,64.5809461594246
6473,65.20557470579287
6474,61.84158524288526
6475,59.46604120455888
6476,42.777504163087414
6477,40.745421471672024
6478,28.835406938560784
6479,34.145939138967755
6480,35.31114368867586
6481,38.15801964062109
6482,41.401517127423055
6483,48.827903800577694
6484,54.62693090416833
6485,69.84984724041348
6486,71.5494046513562
6487,72.06201685688886
6488,75.60636287264256
6489,76.43251901881963
6490,76.50574775046032
6491,75.86711879509227
6492,74.42898975420862
6493,72.30808019182547
6494,68.22133129029667
6495,65.95179412403478
6496,67.25463015956392
6497,58.84173139951354
6498,56.68811635970768
6499,46.55353445289656
6500,43.61549152787439
6501,37.28794322420712
6502,27.69020813251716
6503,32.15736833361949
6504,35.80080817597453
6505,39.20144475137003
6506,41.635494963399346
6507,46.972898995960605
6508,60.82105734880078
6509,67.68090608202063
6510,71.04144582154073
6511,73.60332364372212
6512,76.08375489609854
6513,76.03593090471865
6514,76.19426751635808
6515,74.23888660233307
6516,73.84509644048033
6517,71.31455669139473
6518,66.26026205820774
6519,65.1057882722325
6520,59.878989130789954
6521,55.8087975378755
6522,63.2320747668832
6523,52.997432482387495
6524,37.83126831831317
6525,40.22911813160134
6526,33.31199128985034
6527,31.199739985729316
6528,36.501801986497114
6529,33.965189788912504
6530,39.98626392577538
6531,40.698874233663915
6532,57.812811528698774
6533,67.84191580294213
6534,71.58591141593743
6535,73.66613422548373
6536,74.48766125991378
6537,76.57154440747573
6538,76.57657966931417
6539,76.83293771401858
6540,72.89068923318203
6541,70.55877124444987
6542,67.98282410297772
6543,69.32544917123685
6544,61.68581908076685
6545,64.45294874354181
6546,64.69069162311851
6547,59.00077486110261
6548,47.08241432397597
6549,34.71667615980302
6550,32.65661924471429
6551,33.787807612893154
6552,28.499662535335293
6553,36.7237802823532
6554,37.436497579709474
6555,45.83820096070558
6556,61.55377803533172
6557,67.52133200382453
6558,72.64364841019946
6559,73.4529836219886
6560,73.79389950447018
6561,75.45533593467856
6562,76.51603694592734
6563,76.46394084578453
6564,73.66616799884372
6565,73.18310067151643
6566,69.80014866836937
6567,68.72000500709537
6568,65.95804393596646
6569,65.49355626682151
6570,64.4218917292893
6571,52.74375863853391
6572,45.73752285892605
6573,45.24160689781525
6574,33.04822527767287
6575,35.02977400121245
6576,35.50712071958048
6577,35.05118322375943
6578,43.486999971017
6579,47.656005286418775
6580,64.39289230228664
6581,64.24208904051854
6582,71.27401424160158
6583,72.5438439708134
6584,75.80255736394827
6585,77.53753355145557
6586,76.89453708559553
6587,77.4576749720837
6588,74.77671590580144
6589,72.31624239055752
6590,67.77384327238174
6591,67.8639504821039
6592,62.517269182903824
6593,66.51728964416407
6594,55.01987635795608
6595,47.77601830955096
6596,46.70024441897651
6597,34.26381767710188
6598,30.227464770726826
6599,30.73841718115555
6600,35.52738984783412
6601,38.74137860005345
6602,37.9441867928101
6603,48.400967831875704
6604,63.340307399121556
6605,66.0568230673762
6606,69.52938853127576
6607,73.162336555356
6608,75.40126884880715
6609,78.34259107296987
6610,78.09388886547765
6611,76.94824352123517
6612,74.59581799169702
6613,71.66904705214472
6614,70.39403121877697
6615,67.29946364570053
6616,64.07874395741356
6617,66.69106512525883
6618,52.27578424904021
6619,55.38169302318729
6620,54.79735752754331
6621,38.914755305694854
6622,33.033336002977855
6623,34.455740075317216
6624,39.0752397291605
6625,38.541139458464485
6626,38.99527912042271
6627,48.61982292392463
6628,54.51497648421658
6629,66.31726583280076
6630,70.88455599070777
6631,75.22763320135707
6632,75.28083202018435
6633,76.11589293005933
6634,75.84915477073615
6635,76.03061733933191
6636,74.94443840250449
6637,70.74180793818442
6638,68.69429570367257
6639,66.15727513914477
6640,67.3898427834099
6641,65.08700641061189
6642,53.02542049748673
6643,52.85116607791796
6644,43.28862740289051
6645,39.2005975412162
6646,33.22969192186777
6647,31.69395863792258
6648,35.16026974284497
6649,38.6300881460197
6650,34.44697962819272
6651,45.3595134511033
6652,49.76981601680901
6653,66.58066919773927
6654,72.32244169483923
6655,73.80446253804543
6656,74.93188094834264
6657,78.53157978398757
6658,75.66644003859822
6659,76.79075322059708
6660,76.37365455447629
6661,70.86961228434402
6662,58.50556272635489
6663,62.292947916397836
6664,67.41605724976212
6665,66.20498866618867
6666,60.17584153306664
6667,52.09473420131218
6668,48.125945260778806
6669,41.71254173709314
6670,31.273635767116758
6671,34.21147425388777
6672,32.17220374027998
6673,37.38576464961239
6674,39.77588437135375
6675,48.501180484273235
6676,56.062252869533715
6677,69.63230461346852
6678,69.70428727087042
6679,73.87373000255472
6680,74.35200711666545
6681,75.8820406326381
6682,76.14145622771314
6683,75.66831435331105
6684,73.38068136499956
6685,72.56003071604715
6686,67.96918239364227
6687,65.75600011446522
6688,66.93619234609284
6689,64.55340726623075
6690,60.73528718633729
6691,46.99377171315956
6692,46.731731464477285
6693,35.25841751102944
6694,29.47128952913579
6695,35.66464005652335
6696,36.38205541367724
6697,34.6984465503072
6698,40.5932956014202
6699,54.12421367555079
6700,58.29191475405093
6701,66.8184781244571
6702,70.4200733025734
6703,74.3265119550917
6704,74.68072034068086
6705,77.46478333389464
6706,77.56125125377932
6707,75.25322072770065
6708,75.60379416314022
6709,72.61616283509184
6710,69.6411357320345
6711,67.99487759400286
6712,65.75442158543191
6713,62.67037453885474
6714,55.976438655696406
6715,46.68978016068123
6716,48.17536661412811
6717,36.57658338639341
6718,34.2102999706438
6719,35.55915238181882
6720,37.10597958559512
6721,37.59689568448262
6722,44.0142434492376
6723,43.01192505399693
6724,53.37152811781843
6725,67.08723572337179
6726,72.05168662034106
6727,74.49226657538055
6728,76.04338065888548
6729,74.70073993633206
6730,76.89494523312092
6731,77.26259008786332
6732,75.1544496095425
6733,73.10637227500906
6734,70.66999958276904
6735,65.77257180702433
6736,66.03225330093737
6737,63.92092248076089
6738,62.77716798007259
6739,60.150365903805145
6740,45.64862796972541
6741,37.22938159861498
6742,34.75557939558054
6743,32.99515962423554
6744,39.578104789044566
6745,37.09915815699849
6746,40.991663857871316
6747,47.909480329533444
6748,64.64678805805882
6749,67.96552808060352
6750,70.34908949415251
6751,73.62726959132775
6752,76.67594705672079
6753,77.55965766427667
6754,77.68348494171366
6755,76.33390133443855
6756,74.08993516552785
6757,73.9538587085964
6758,68.90052814931909
6759,66.93777675395584
6760,64.64633549707689
6761,63.89353078286983
6762,62.796975101374485
6763,53.350898996179126
6764,51.24847927670032
6765,37.62622747264737
6766,31.52517777744405
6767,34.51385905508058
6768,36.68431877538171
6769,35.050680216817945
6770,42.19674687272914
6771,43.97066943432877
6772,61.522582165292235
6773,69.55777739021498
6774,71.98705375503297
6775,73.96161565596458
6776,75.61180393839503
6777,77.53180965338787
6778,76.19152021019183
6779,77.33261141671098
6780,73.91860404438916
6781,73.85778858852964
6782,68.35035615787699
6783,66.11977872755314
6784,67.40622263300592
6785,64.5244146063259
6786,57.207011363001996
6787,52.302330894286285
6788,45.84461022375939
6789,39.7973347207904
6790,29.796872188470594
6791,30.600554257298985
6792,33.81187633506843
6793,40.495464793388024
6794,40.78639684875429
6795,43.5713148620648
6796,57.256157369009095
6797,70.61767832339983
6798,72.45457481727391
6799,74.80720641119309
6800,75.52535982074845
6801,76.53750024236624
6802,78.27917794139549
6803,77.02206349082319
6804,74.48505244861265
6805,73.19926414484682
6806,68.07574079550639
6807,66.98557254039564
6808,66.69783833110506
6809,67.54333668014134
6810,60.01845966024178
6811,49.13580367232812
6812,48.41116123846781
6813,33.86130825654156
6814,30.478414393975914
6815,34.41241503045985
6816,37.20517359519869
6817,37.67561190522341
6818,42.89894319829088
6819,44.88568813237677
6820,61.66223824511679
6821,68.66822202115831
6822,70.93265062845326
6823,73.3770434695395
6824,76.97825503028264
6825,79.1698563482615
6826,77.66295270419008
6827,74.11590787946254
6828,74.34118795702744
6829,72.60629535780433
6830,69.99625644416939
6831,69.00080589779222
6832,67.50938947850315
6833,67.28270325557621
6834,55.707990155868984
6835,52.260749375501504
6836,44.11736544615726
6837,37.828422790309986
6838,38.87645284531972
6839,36.6601867631869
6840,32.52029244913898
6841,39.85013536336263
6842,42.127780551965394
6843,53.60473178505214
6844,55.06998860847677
6845,68.5724749044205
6846,72.61145420586686
6847,74.06126744902357
6848,75.97746220832369
6849,75.7519554256845
6850,76.39183260437389
6851,76.89508693752389
6852,75.03278120348514
6853,72.52047167181978
6854,71.55243397977985
6855,66.88670851760295
6856,66.678679292641
6857,55.801440261019465
6858,57.37944613465405
6859,46.4912076370367
6860,43.89176199484732
6861,35.00591073184994
6862,33.0353567983396
6863,34.62155729801917
6864,36.22139320725867
6865,34.071071335182424
6866,41.197474591431586
6867,52.44854043848815
6868,60.57693239581008
6869,66.87201704372612
6870,73.18611935004456
6871,73.24408688875806
6872,75.04164145724232
6873,76.3078610667499
6874,77.02429300233185
6875,75.76582445602008
6876,74.57739279542051
6877,72.9794451488497
6878,67.75986910063959
6879,65.68562438094948
6880,66.53846833559649
6881,64.33265485501332
6882,53.78847897356296
6883,51.45073559344583
6884,45.53415369875586
6885,35.8949052459398
6886,36.02787884908172
6887,33.627155307385785
6888,37.81311161060939
6889,34.90730783285052
6890,38.72988145877
6891,49.64518679915104
6892,63.088884929311114
6893,65.59608763288117
6894,71.99303792457795
6895,73.45542886707517
6896,74.25921765862662
6897,77.38629785423389
6898,77.09846557563647
6899,77.85947831335649
6900,75.95823971473396
6901,73.06071705769136
6902,70.90968794420249
6903,67.12505663072251
6904,68.54381339997673
6905,60.695589116884435
6906,58.32094185804435
6907,47.5755507030981
6908,48.24942348720451
6909,35.76436086944236
6910,32.75839489875068
6911,34.41750715271515
6912,34.608599156493035
6913,39.112965372473994
6914,42.64425689726873
6915,48.76631716431536
6916,64.1072831085428
6917,65.29562488681708
6918,70.37022161949787
6919,73.16078523002821
6920,76.93293916892256
6921,77.1083425935503
6922,76.41738251257878
6923,76.64352180232368
6924,76.10770894775672
6925,72.423015799815
6926,67.67704296206003
6927,68.6240904675786
6928,64.87015193137107
6929,59.23792916120419
6930,61.41777077085571
6931,49.24982590425021
6932,47.91068772592829
6933,40.290038002005595
6934,37.833770226112364
6935,42.99081592923673
6936,39.462686375957325
6937,40.73318034356298
6938,42.145757323911795
6939,50.83500500164658
6940,53.21201477800061
6941,68.45760477749776
6942,69.63757066191744
6943,73.1664525262159
6944,76.37802416100718
6945,77.21790238775034
6946,79.23187349618492
6947,76.16247312269606
6948,74.56579010071572
6949,72.59351946246323
6950,70.14706493574212
6951,64.18378651563191
6952,67.19335253648177
6953,60.15080721792371
6954,61.91215672873916
6955,52.05327377877069
6956,45.308118127877755
6957,32.49762427242109
6958,32.776887376594175
6959,41.07789304135723
6960,37.62746327471831
6961,38.19267406241865
6962,38.67884390742265
6963,50.52938473947153
6964,57.667921370237394
6965,67.1901301904622
6966,71.76636209318566
6967,73.31839357089389
6968,76.0418286340393
6969,75.76158966395266
6970,76.04465318988103
6971,76.7233594032338
6972,73.91403747265488
6973,72.5297554932848
6974,69.4293860917235
6975,64.41291868132718
6976,65.80322044233598
6977,65.21762810967276
6978,52.18887881658306
6979,48.944505819104094
6980,44.99884776746269
6981,39.047865468851185
6982,37.964493702211726
6983,40.113728841420816
6984,35.10491948738974
6985,35.74672815615007
6986,36.26462244490457
6987,44.46265397287107
6988,62.52864889457513
6989,64.0072346052239
6990,71.80411268781562
6991,73.70753378192651
6992,76.07698339676534
6993,76.91899975693302
6994,77.23052280086047
6995,77.24315483822593
6996,75.08350660192747
6997,72.50720697417405
6998,70.95093297387353
6999,65.11197755132137
7000,64.5232091651591
7001,64.69114488393909
7002,56.90892968925459
7003,58.43931324923841
7004,43.02813366567392
7005,41.489633097283175
7006,30.203886050014706
7007,32.273019093245324
7008,35.4248946828127
7009,37.957298875337756
7010,40.77865859748887
7011,48.88216730195698
7012,55.823184965690125
7013,68.2099707434287
7014,72.32452221039739
7015,73.33903826519376
7016,75.29151916929013
7017,77.14338663175353
7018,75.8897729474908
7019,76.97074434053076
7020,74.41297060764681
7021,72.94522672437965
7022,69.60749855676319
7023,66.94335341589435
7024,67.13124571797266
7025,64.22478491595987
7026,60.58420889069078
7027,51.85937471804417
7028,43.016501576029555
7029,42.4773028446063
7030,34.01401655073413
7031,34.72570750030378
7032,38.27246911606987
7033,37.63843785457447
7034,40.544139617347504
7035,40.74696528677188
7036,52.626633392167406
7037,68.92395307741877
7038,72.28735547282714
7039,74.46303234348989
7040,76.07404046560283
7041,76.09096666635176
7042,76.72079618466074
7043,73.44469462281097
7044,75.71758401045983
7045,74.42267782644826
7046,67.79113027693029
7047,67.00189009224533
7048,64.98161339076687
7049,65.44144144411774
7050,58.88350853062374
7051,48.18061725293958
7052,42.094938473125495
7053,37.41648098992302
7054,35.457730332910856
7055,35.2902194631132
7056,34.88279472763201
7057,38.271652883211196
7058,39.471421330234456
7059,46.100273344964066
7060,57.89662042739933
7061,65.91124522545445
7062,72.32863866384882
7063,72.8576696004726
7064,75.74643055889902
7065,76.71485778302866
7066,77.07182819804751
7067,75.1405363792151
7068,75.19125783797067
7069,73.29805661798908
7070,68.4048845336827
7071,67.31925397065072
7072,65.60511080468939
7073,64.51445646704084
7074,58.514926828962835
7075,49.85569706343795
7076,47.52389137698064
7077,39.427342300705064
7078,37.02102469876449
7079,33.36895936439706
7080,37.67244232176181
7081,35.6803890325764
7082,42.73070655582957
7083,49.03864392531416
7084,53.60022184347988
7085,67.41951881211966
7086,72.66422187007277
7087,74.03406573127022
7088,74.2409140307369
7089,75.77433268605597
7090,76.36302341722592
7091,76.59434069930438
7092,74.15203110365842
7093,72.92678505191945
7094,69.42107941053777
7095,67.08289942403653
7096,65.87624630724257
7097,57.29912506142098
7098,61.85738782461068
7099,55.63106057291409
7100,47.10934907480769
7101,40.526705103888126
7102,35.069478826614706
7103,38.29304086460274
7104,32.4142012953463
7105,34.97516732961391
7106,38.991208991550096
7107,50.55331159242786
7108,57.50804844600078
7109,58.4967391796892
7110,70.78692616434061
7111,73.87231735263863
7112,76.13159439773113
7113,76.72143235026697
7114,74.39614103186965
7115,76.9628437666097
7116,74.9232724005407
7117,72.48155769500889
7118,65.2619253265385
7119,67.3732369348504
7120,66.72598513840492
7121,65.4837962941007
7122,64.0941877690982
7123,51.204329395206884
7124,39.48483651994914
7125,39.601776738054795
7126,32.80347843395165
7127,34.60649261198912
7128,35.61395442164488
7129,41.73207314930257
7130,41.24456901274593
7131,51.52564412478622
7132,56.18106548776589
7133,68.38603896164062
7134,71.64601139918712
7135,74.30261956669293
7136,75.14247338007239
7137,76.28221610508722
7138,76.57057266412721
7139,76.42802228230536
7140,73.11108596337012
7141,72.78177172995152
7142,65.59535901828878
7143,69.8691208779259
7144,65.66223479922364
7145,66.01313831621806
7146,53.651995712074466
7147,55.61943514961321
7148,44.47710534263449
7149,37.93823508910122
7150,31.030810836339366
7151,36.96505011438839
7152,32.743432874421
7153,42.54103616958065
7154,38.7177427093273
7155,43.88058502152558
7156,55.59022735315368
7157,66.7428752781672
7158,69.68012612724701
7159,74.0279467433382
7160,77.65018975573123
7161,76.48263141115973
7162,76.09725130762453
7163,75.92177168355208
7164,76.43660713973773
7165,72.29089602563329
7166,69.0293045772818
7167,65.64640765429407
7168,66.08092007853756
7169,66.37547650158365
7170,58.53076344320709
7171,49.370811300802835
7172,44.175804733423064
7173,44.01631401181734
7174,34.17016447839064
7175,32.693306401159774
7176,31.520091015791422
7177,34.95550349001893
7178,39.2872998017225
7179,43.69237466954473
7180,57.79985510561033
7181,66.74060719661543
7182,72.82198483628387
7183,75.43077372648602
7184,76.07815935685088
7185,75.27148767963807
7186,76.7684174898179
7187,76.30269723565603
7188,75.09949080017762
7189,72.86974020338737
7190,70.27922094015265
7191,68.31381268743553
7192,58.07693578650624
7193,65.07598966570801
7194,53.680656416502295
7195,55.810856845619035
7196,46.86453940200603
7197,40.150123656096504
7198,32.43810629459261
7199,33.726708924184216
7200,33.52147585835226
7201,35.456939379472274
7202,38.0052293712379
7203,40.95245189059935
7204,59.76413126713572
7205,66.43148753193432
7206,71.10296879729484
7207,73.51831321426114
7208,73.9290470057036
7209,76.99732609711664
7210,78.06734553327153
7211,75.4285710967778
7212,74.97964629666527
7213,73.32589528815078
7214,67.36782895389703
7215,67.90725178632275
7216,67.4260080346084
7217,59.67534406015751
7218,64.71934481815819
7219,55.244722691808434
7220,44.05697716481402
7221,35.131856976121625
7222,30.720903027721597
7223,34.18287061234359
7224,29.71944860440709
7225,33.575594104787974
7226,39.07098385117413
7227,45.5276378272622
7228,58.34093797205567
7229,69.00084849288784
7230,71.2952734030904
7231,71.91092856615646
7232,74.55796794840326
7233,76.00288924408623
7234,74.70195182755322
7235,76.03433580066526
7236,74.74707334496796
7237,73.3641347903697
7238,65.17022922788672
7239,67.15000953879432
7240,64.8759511363248
7241,59.43011182595933
7242,52.72018463021467
7243,44.069336978713395
7244,44.48280919237359
7245,38.229940535218816
7246,32.922532117346734
7247,34.588985114116326
7248,36.56654473619106
7249,34.57636626874118
7250,44.95336019267179
7251,48.98903576619134
7252,54.800165843828765
7253,66.74687794842247
7254,72.01758009115088
7255,73.95931888757639
7256,74.42763432550939
7257,75.02116560230672
7258,77.21803782818967
7259,74.62646915892952
7260,74.13201158380467
7261,72.38542314851007
7262,65.77505986925199
7263,65.9395033503854
7264,65.33443074356954
7265,59.69684783798027
7266,60.08011274939951
7267,55.31800064143371
7268,44.71071557164581
7269,38.60418348758663
7270,28.281020220008514
7271,29.992054814690952
7272,37.786778973256176
7273,33.33997210647169
7274,43.83233828693285
7275,52.28876232477284
7276,57.989567155130324
7277,66.1129651264561
7278,71.52237982446398
7279,71.01445281476005
7280,74.48728717303291
7281,76.84662079117533
7282,76.45881632269568
7283,75.15239111482335
7284,74.56899749759219
7285,68.62410072608878
7286,65.60802533946823
7287,69.30996675283319
7288,61.59896065436253
7289,55.57492375119033
7290,63.373475991175866
7291,54.741884603333006
7292,40.74470129856819
7293,37.32898332230019
7294,30.30985349195922
7295,32.654441847437376
7296,31.883965061893807
7297,35.1813457658499
7298,40.56341447050175
7299,49.84091020156942
7300,58.475022859372885
7301,65.64786453678279
7302,69.6438679420211
7303,72.91284813535047
7304,75.26313279371358
7305,75.64059207135612
7306,75.83589999706206
7307,76.32154239569131
7308,73.35671060797654
7309,72.42038503553252
7310,64.26796319343003
7311,68.31235537720025
7312,69.64661601087172
7313,64.70239419458046
7314,58.39652448250825
7315,57.36854999626551
7316,45.62958712036489
7317,34.64485761298824
7318,28.537570021187253
7319,33.929437261114856
7320,35.92642332757865
7321,33.64286372453088
7322,47.09227807582141
7323,44.524214965308985
7324,59.6267471946842
7325,66.82664770523265
7326,71.52545513936748
7327,74.31870543908575
7328,74.43222612470151
7329,74.65289429960573
7330,76.62500345204914
7331,76.04303157354562
7332,74.080269445766
7333,72.724191584749
7334,68.66558818627377
7335,67.64712270002873
7336,67.99562732371267
7337,68.25229240896353
7338,64.9364016571922
7339,54.64622161787314
7340,39.777291584522025
7341,40.35138570508165
7342,36.182552062451904
7343,34.06612665222713
7344,33.707922473665775
7345,34.40145502898854
7346,40.64057784939202
7347,46.087124613943296
7348,59.12671567325962
7349,66.20078572459578
7350,72.22044598918966
7351,73.01208617718937
7352,75.63968076341537
7353,74.45058514699774
7354,75.4307106679324
7355,76.54194548451338
7356,74.31218645837458
7357,70.79409958710504
7358,64.29205164320081
7359,64.00378799400936
7360,64.13978236286007
7361,64.90270414059763
7362,59.35931919252451
7363,52.80312186732792
7364,42.71107471795073
7365,34.03911453922967
7366,34.37817824851226
7367,30.783546198181504
7368,32.47310711152339
7369,34.37062760262801
7370,39.48947917348773
7371,50.365514106031306
7372,50.044769602024196
7373,65.19211665479229
7374,70.37694380057006
7375,73.64667483583374
7376,74.30995484678708
7377,76.0244071349398
7378,76.76809309836418
7379,74.53755438295464
7380,74.81372760563468
7381,70.20813885532382
7382,68.25168236572009
7383,65.08248923966767
7384,66.76741403788472
7385,62.788324345291215
7386,58.49011962236733
7387,54.24535895159606
7388,45.302052283296156
7389,32.73875041038556
7390,29.574959716815354
7391,35.188277352995634
7392,29.759624722340337
7393,31.24542417933715
7394,39.163697842328205
7395,50.92294652884884
7396,57.40683818729931
7397,65.41183120370013
7398,70.51873262291625
7399,74.07204082351073
7400,75.45111558765848
7401,75.62442682647196
7402,76.43386860171756
7403,74.37170151448225
7404,71.63827688952172
7405,68.44353041628256
7406,66.1518977856233
7407,67.71070062512162
7408,65.15613459217977
7409,67.20826472959986
7410,64.34687859182038
7411,54.80977146728189
7412,48.25763192652313
7413,40.72029010597474
7414,32.45347228997083
7415,31.56339987680153
7416,31.521253848182845
7417,35.98936992711278
7418,38.87479309331935
7419,38.18820100146265
7420,54.424076993800995
7421,67.43945755845284
7422,65.87530580981709
7423,72.6091214184469
7424,74.61936391811987
7425,76.08510436017
7426,76.02268199876967
7427,75.51414941228447
7428,73.62088375328732
7429,72.25686273042557
7430,67.93963387233858
7431,62.933466512156635
7432,67.0371052504692
7433,61.48176099959418
7434,50.83571550040362
7435,59.891553235324864
7436,43.86256914863856
7437,34.71539955380175
7438,35.66368803704418
7439,28.67401625050017
7440,32.65025131113477
7441,33.62693388172242
7442,32.37827548551851
7443,44.105129250070284
7444,50.068326012592166
7445,63.12693520186225
7446,71.62617996806804
7447,72.83280617640449
7448,74.07771111700221
7449,76.49940383397418
7450,76.24307981776707
7451,75.73011863585478
7452,74.21010573464764
7453,71.3974271425717
7454,68.58684465275913
7455,61.8001889052224
7456,65.05367997098642
7457,67.16407640855356
7458,61.155713111833
7459,60.83819771473983
7460,39.682549144998255
7461,36.92463970968711
7462,30.931982928244246
7463,29.515436782772163
7464,35.7983913837655
7465,33.35747392422213
7466,35.08169602504404
7467,45.31723602031871
7468,48.12240463931681
7469,57.29621879001147
7470,71.88660105600742
7471,73.30447977721035
7472,73.578471803611
7473,74.80566939246468
7474,74.34566907005183
7475,74.15976641032123
7476,72.54883682467205
7477,72.45519296476974
7478,68.22200530778844
7479,64.56980919938188
7480,65.82788362367778
7481,64.4299441804327
7482,61.926668063865975
7483,60.54395335730885
7484,41.81138937218629
7485,37.226050772910824
7486,30.854798335512946
7487,31.266517655156008
7488,30.160128438534827
7489,33.53522389494335
7490,39.85292001450992
7491,45.88671726851087
7492,47.13193169490711
7493,65.10404554073796
7494,69.79473227848655
7495,72.83972545569829
7496,72.65672765473056
7497,74.80841116470808
7498,74.16809039303645
7499,75.0986522239817
7500,73.3458481588698
7501,70.21724972939056
7502,67.33583990630072
7503,68.81268723113088
7504,65.67984457520993
7505,60.209180530288414
7506,60.203112969584815
7507,56.34273591576852
7508,42.43466554859398
7509,39.26195636562761
7510,37.434542199257834
7511,29.579781483502007
7512,32.66639263386266
7513,34.812309217476894
7514,33.043144182692544
7515,40.12117881323421
7516,46.379754281124754
7517,61.75958720325097
7518,66.57512204536337
7519,72.74194345176828
7520,73.49279201372961
7521,75.31343222841397
7522,76.11753126028654
7523,74.93884363594712
7524,73.75761475501896
7525,67.4079832568767
7526,69.47579776180302
7527,65.06916308726643
7528,65.54604761935677
7529,61.249151970237136
7530,60.815172428797865
7531,56.052016935440115
7532,44.719675089592826
7533,35.23730749452651
7534,29.411595131618082
7535,29.066285882079747
7536,29.90966248154783
7537,32.35353710777968
7538,34.49342954989125
7539,37.30471262379189
7540,54.44410050704657
7541,66.49128697897861
7542,69.0220268343414
7543,72.25914566726199
7544,74.59102721809192
7545,75.52904147761262
7546,74.3930388337259
7547,74.38446179551674
7548,72.7530693895925
7549,70.57742007554143
7550,66.58027716668327
7551,64.95693962094956
7552,65.05605997671654
7553,66.87963517197683
7554,64.00542580717627
7555,61.14083085782823
7556,49.91243252231553
7557,39.77186832776837
7558,30.294861504604675
7559,25.839944054146876
7560,28.59072205039524
7561,29.679792745375295
7562,36.58159789342779
7563,48.11493501645995
7564,50.74520024718019
7565,61.245320405357816
7566,72.40820038501158
7567,71.35716324900386
7568,73.7897671882092
7569,76.31064436759236
7570,73.79322008104167
7571,75.23356925367423
7572,72.47043706851198
7573,66.49595191570205
7574,67.07610713651191
7575,68.28493295639642
7576,63.86936131419368
7577,66.88292105044457
7578,67.28886960148105
7579,58.53947010028125
7580,44.14714516054556
7581,36.93822031973789
7582,31.46669614120944
7583,24.342402628367456
7584,28.415608994582534
7585,32.699058791965946
7586,35.28537705771257
7587,46.208767971805386
7588,48.74980709148271
7589,60.237417328950876
7590,72.44233179004297
7591,73.24630119709458
7592,73.47449650913349
7593,74.72763920827484
7594,74.73807989049942
7595,73.84662670979611
7596,72.3514852147296
7597,67.91976470777566
7598,69.97220429000652
7599,66.2388533111318
7600,64.02001758677477
7601,65.3323372538084
7602,67.6992026135095
7603,65.25945851223395
7604,46.37975957634336
7605,39.08669086162204
7606,25.807303450455795
7607,30.902159944240367
7608,30.442418054624373
7609,31.991395384421537
7610,35.00000897228555
7611,41.32305879121672
7612,51.99592519945468
7613,66.08173681623913
7614,71.20980681150378
7615,72.96632443578031
7616,73.47105338220253
7617,74.89998442566139
7618,75.00983907858716
7619,75.81147309577072
7620,72.57045402363666
7621,68.35234141056682
7622,65.6803515708496
7623,65.47017690544602
7624,70.6683069499011
7625,67.40723657572408
7626,67.64965594908398
7627,58.88324270435304
7628,49.64022295443844
7629,31.69312884147948
7630,32.96720451177202
7631,27.008008199248223
7632,28.741790291305776
7633,31.06043126836074
7634,33.899461871316554
7635,41.82428737712143
7636,49.052604278820944
7637,59.04828856159401
7638,69.64019178483956
7639,72.85505805109112
7640,72.51112883346285
7641,74.56853597849508
7642,74.22968406286132
7643,74.12629082419278
7644,71.25636752060497
7645,65.0300131516707
7646,64.51222078591859
7647,67.29971556336717
7648,69.28488596542304
7649,68.39747858163157
7650,68.10759399908702
7651,62.140957122126906
7652,53.49499301998392
7653,39.37710946019974
7654,34.545586539145745
7655,27.49242182709018
7656,29.9143306604084
7657,30.32967950785389
7658,33.15962671824747
7659,44.53020722911784
7660,51.01571866062179
7661,64.84094329748511
7662,69.20989611541381
7663,71.0797478274117
7664,75.11892026430985
7665,74.96681221220877
7666,74.65652833878676
7667,72.73127532518915
7668,72.3784988767653
7669,64.42937112200197
7670,67.59455393129825
7671,68.63863803995069
7672,64.83711646533368
7673,66.28179173928586
7674,66.21042930515368
7675,64.85786784648685
7676,48.54056690964621
7677,45.36595288756708
7678,30.492519059839047
7679,26.29002361566491
7680,31.203889482470945
7681,31.033813721260856
7682,33.43177323612779
7683,42.34965311311747
7684,50.36075904514857
7685,59.339108363404975
7686,69.31648858394881
7687,72.78769520933051
7688,71.31188349100789
7689,75.16719512796537
7690,74.45250604782869
7691,72.55229059799042
7692,71.99685767659298
7693,68.13864883108913
7694,66.6205702205349
7695,64.24102515115304
7696,69.28704779056103
7697,69.09946012308032
7698,68.28509776233007
7699,65.19082968311649
7700,50.21593871157846
7701,39.579477026113224
7702,32.64412858028727
7703,24.85600977340554
7704,26.987847249436157
7705,32.04892610743106
7706,37.55784628477352
7707,41.066268043348465
7708,46.23853330301886
7709,56.99184527745261
7710,68.18508290822872
7711,72.65078456853271
7712,73.00556444042284
7713,73.31417686761144
7714,74.06359746614591
7715,73.59011610166361
7716,68.54280895476764
7717,66.73447070588469
7718,68.8741399866887
7719,65.7335182141616
7720,67.63816239211229
7721,67.31324810856891
7722,69.27941230502795
7723,64.83989263601072
7724,47.71291281367093
7725,37.31486056365483
7726,29.4702466931541
7727,24.441396073427647
7728,27.93111850882596
7729,25.894641984243574
7730,33.433312729765476
7731,37.68452987700819
7732,48.086947789268585
7733,60.81908427017509
7734,67.94377195868256
7735,71.50675102375638
7736,74.02850077840232
7737,73.57910016427584
7738,74.24505955932321
7739,73.480881511738
7740,68.1417790401319
7741,64.84596611335198
7742,65.2703608984595
7743,65.39367716863077
7744,66.43274830545357
7745,69.96125678031586
7746,68.12436501689194
7747,63.61410777131073
7748,49.26504400357801
7749,42.30523454128449
7750,30.314030533102468
7751,23.363115579803942
7752,27.151345803127818
7753,29.074462467742023
7754,33.13590626975846
7755,38.72737698078904
7756,56.94900612654891
7757,64.24588449672872
7758,67.78598336143746
7759,69.49067329058931
7760,73.85033123219111
7761,73.00501358110094
7762,74.73882475775996
7763,73.01734912685505
7764,70.97189684992345
7765,69.74743625877271
7766,67.01666238083389
7767,67.88006278594816
7768,67.67419018859722
7769,68.98632174711771
7770,66.04012949551651
7771,63.18847447620369
7772,58.60651834362922
7773,41.948513046862644
7774,32.373830032269545
7775,23.88475577718049
7776,27.075682865301097
7777,28.243958868864592
7778,28.318261292957143
7779,38.42774828460371
7780,51.00989307597593
7781,57.201343783569655
7782,69.11991038839734
7783,70.10224559508681
7784,73.93415220023867
7785,73.91309062064755
7786,74.87051517762515
7787,72.8476654666516
7788,68.84872836901344
7789,67.94888065799826
7790,65.43168968978121
7791,69.45156617693871
7792,69.52009990985879
7793,70.7410077349303
7794,68.77436526803018
7795,64.88858572423166
7796,58.72489084932661
7797,42.31075372889085
7798,28.726444642525742
7799,26.31114607194261
7800,23.321988677657743
7801,27.9051621021043
7802,32.58075038105072
7803,38.14105920486692
7804,44.64298969516817
7805,58.85951577071445
7806,67.94008945752417
7807,73.038804179255
7808,73.40054428617276
7809,73.71853624129777
7810,73.48033346363304
7811,73.60015168360519
7812,71.57099716689578
7813,67.70384529260134
7814,65.39177741762218
7815,67.24317802768145
7816,70.22444762676095
7817,70.45439611789689
7818,68.42558741150464
7819,64.34413101651617
7820,57.055094698120136
7821,44.49181694370078
7822,30.630176981589667
7823,25.618341902127373
7824,23.44821774381367
7825,28.690958441010324
7826,34.285922571270355
7827,41.28565066853675
7828,49.58573387180771
7829,64.46605519345286
7830,62.14304531926055
7831,71.41481476448942
7832,72.85077835321586
7833,74.67078008807235
7834,73.4663193497717
7835,72.5182130803732
7836,66.30061962697297
7837,66.61052321677975
7838,65.05335209008491
7839,66.3219062010998
7840,71.45026404652072
7841,71.25200656807763
7842,68.7115845057834
7843,67.62692736184306
7844,52.304038925188415
7845,41.59388340535814
7846,29.519783605040402
7847,24.94481837489092
7848,22.794303246000737
7849,25.120564131444766
7850,31.381880105636963
7851,32.359301858728365
7852,43.34107049370344
7853,49.847070011479055
7854,69.77089554335822
7855,72.80618756905257
7856,70.2148936635061
7857,74.02629816360982
7858,73.63153444572617
7859,72.66196800160392
7860,68.95924577445913
7861,62.955226807155945
7862,68.08078714632107
7863,67.39031245776893
7864,69.95824479789442
7865,72.39811095876074
7866,69.42187370261416
7867,63.27449707289135
7868,50.31227580907722
7869,43.27087956793852
7870,30.80784243538531
7871,28.797965115214673
7872,24.039539932826713
7873,23.572940096435108
7874,31.36211250761521
7875,35.86339399681191
7876,48.7996365392848
7877,61.24130686627795
7878,65.10645779870298
7879,69.68099640524295
7880,72.038360265959
7881,73.79272623128652
7882,73.88731517582318
7883,71.66744606344216
7884,66.85984874492922
7885,66.21636473301541
7886,68.86517983741751
7887,71.60279450569071
7888,69.75165055249857
7889,72.25015518433894
7890,72.51390246298243
7891,64.40036700338632
7892,50.57430592147192
7893,44.22600968132598
7894,28.633209551165688
7895,24.849448096728082
7896,24.26406011137948
7897,24.06865758411145
7898,27.187239251317436
7899,34.34057874363994
7900,47.799055748068646
7901,57.08328041983014
7902,66.31290809126641
7903,70.71275054635383
7904,72.61743521137244
7905,73.13673999142827
7906,72.3466577649942
7907,71.11405533125891
7908,67.91175204058973
7909,66.55960246031549
7910,67.33729545486469
7911,69.04908430365148
7912,72.49686686397517
7913,69.42406838193415
7914,69.85918208352618
7915,65.55416015291274
7916,58.423102598777454
7917,45.656833039189024
7918,28.45556942990501
7919,28.381498868554246
7920,22.51350807617071
7921,24.21450295966914
7922,28.87103986759356
7923,37.22718243482285
7924,45.2022054120786
7925,61.19385179127372
7926,69.04465792656137
7927,69.10301423102008
7928,72.36595459238035
7929,72.73616206198302
7930,68.68839420730836
7931,70.2047506458338
7932,65.25677659123161
7933,66.62608090782464
7934,65.85893032924102
7935,67.57550981430124
7936,72.610400574519
7937,71.06849192138039
7938,70.29232352508158
7939,67.7590982239864
7940,63.86600088392946
7941,42.26668929596653
7942,29.912621544278384
7943,25.28104917583246
7944,18.539242481829636
7945,27.83564499110114
7946,29.52769659962296
7947,34.247185848203905
7948,50.08870269809257
7949,62.667712376813775
7950,60.202760315615
7951,68.4835752129721
7952,70.66706305097111
7953,72.59512939987358
7954,72.20783379906747
7955,69.09601930332344
7956,66.18422554626318
7957,67.37385669519163
7958,70.0882666642566
7959,71.41864019330681
7960,72.47514918252736
7961,70.1512407180722
7962,68.9800404717664
7963,68.04964040849498
7964,51.394409068845476
7965,45.661348368936366
7966,33.30313894729237
7967,25.51996816278144
7968,19.68614036441021
7969,27.40003422557074
7970,27.845430406349163
7971,39.576403362287785
7972,37.79343426171169
7973,52.28582110568307
7974,67.91311133513447
7975,70.69785891851535
7976,72.2880639570204
7977,71.30032684264928
7978,71.46188506540712
7979,68.86483479173637
7980,65.46614412460879
7981,67.93219271962755
7982,64.4629172124785
7983,68.63946511086705
7984,69.88905713972663
7985,72.41505308101621
7986,69.129207830798
7987,69.843173378426
7988,62.64216080324491
7989,53.77028462661367
7990,31.773345674904345
7991,28.88716085067205
7992,22.15825793659147
7993,20.77748928493436
7994,25.411923092471262
7995,36.459938197644355
7996,42.36817463049979
7997,42.903748001512696
7998,66.14216729425024
7999,67.79718889690088
8000,69.61489255003079
8001,73.16245319968553
8002,70.5362849966173
8003,68.44413212645242
8004,67.96358581105781
8005,64.42346396350486
8006,68.63959596565661
8007,71.8001725456821
8008,71.36138865778294
8009,72.40018224755298
8010,72.3594214994537
8011,68.62960745917215
8012,59.77073749746448
8013,46.76807196923387
8014,32.463542830420415
8015,24.421324774134263
8016,23.287939951894188
8017,19.212754312203383
8018,25.591725110966706
8019,33.23740655184932
8020,45.179070780262315
8021,57.069029473976784
8022,66.68796976524854
8023,65.04702982508906
8024,71.55571863260514
8025,72.3663015873331
8026,72.66634251499495
8027,68.87897487696611
8028,65.38744913948199
8029,67.3029730487746
8030,67.43115443632492
8031,72.78519171311694
8032,72.87974917346864
8033,72.51954027287114
8034,72.5291417433839
8035,66.7350808286408
8036,63.592036670335034
8037,41.63780107155667
8038,37.28801139627094
8039,26.015185570595552
8040,21.98411148996958
8041,19.7807044014659
8042,28.18936471999451
8043,33.74875591273123
8044,40.25155681942866
8045,49.36731843949869
8046,65.59304976216902
8047,67.20302990350946
8048,70.9800463180157
8049,72.47239278071152
8050,72.39655482931137
8051,67.82632766665793
8052,61.585613110763866
8053,63.737003046554605
8054,72.08725437520154
8055,71.57896861189596
8056,71.29712249399897
8057,73.54762604999625
8058,71.98843486467206
8059,67.5126092870318
8060,63.437767506731404
8061,44.112406440569735
8062,34.9230604632034
8063,24.304548483603106
8064,20.700468491785866
8065,21.839687591197187
8066,25.921327965891443
8067,28.353850413999183
8068,43.629450385608536
8069,53.10045277710762
8070,64.89298266921304
8071,67.96139440569223
8072,72.28177788619945
8073,71.30463965275317
8074,69.9141798441191
8075,66.26368694309592
8076,61.29678012326458
8077,59.86951985882689
8078,72.26538049360506
8079,73.13771026148993
8080,71.71766541639563
8081,73.26172139475477
8082,71.01223851416229
8083,68.72991962510011
8084,65.10307618469396
8085,47.06941320094816
8086,39.093262196634576
8087,24.29477148506868
8088,19.80153843587529
8089,23.256370923254554
8090,24.304946496118145
8091,33.22943512242097
8092,36.80395011399325
8093,50.209243114126636
8094,64.3922392811048
8095,68.98382670942647
8096,70.54435519435388
8097,68.90888526036768
8098,69.55901649665532
8099,64.8909905518921
8100,56.62883543201996
8101,68.43281874949466
8102,71.44421990533957
8103,72.6017932377171
8104,73.80052500968827
8105,72.56679575141625
8106,72.95900265073539
8107,72.11253820363817
8108,65.24062525843263
8109,54.62909855343273
8110,39.51201464141022
8111,25.118599702957752
8112,21.99262921015116
8113,22.428127248946627
8114,23.615887983409152
8115,32.49711598287677
8116,38.66948514231544
8117,53.12821382534758
8118,64.32456391643719
8119,67.80570448311683
8120,68.94432664656433
8121,70.94896898994001
8122,64.17213924484577
8123,64.65362546430157
8124,62.534996847815144
8125,62.959071213807704
8126,72.03306792582494
8127,72.59393803145096
8128,72.84642317777663
8129,72.40190285852992
8130,71.77654955891265
8131,70.43439353312145
8132,64.26477334234853
8133,57.552797773964
8134,37.56770701786487
8135,25.545553977163912
8136,22.092800056058817
8137,21.057272883348038
8138,23.498629645119976
8139,32.99289490617135
8140,40.3554945744595
8141,52.24836737021808
8142,63.3702216654286
8143,69.13793858127684
8144,67.75575532123615
8145,71.1826216922577
8146,69.49685273714738
8147,60.30539458624241
8148,65.25732000027838
8149,63.9312180601773
8150,72.38577000278755
8151,71.95007310903443
8152,73.50821318420763
8153,73.56837233501375
8154,73.74960979187281
8155,69.42146933532752
8156,67.06526969206944
8157,49.77939756474068
8158,35.70869952475759
8159,22.933896708978057
8160,20.896229066623167
8161,18.482165297976845
8162,21.833991163040466
8163,28.06057570499754
8164,33.18969271272542
8165,45.13688003884581
8166,64.24335145866051
8167,67.38418308013028
8168,69.67140323121629
8169,68.76277177137646
8170,70.32534944986874
8171,58.799722915159435
8172,64.15698899737785
8173,67.52519343411416
8174,69.91436127505989
8175,74.72363479986294
8176,73.65431785075573
8177,73.5321510079497
8178,73.97862451374263
8179,72.46254968655384
8180,67.61850652290077
8181,46.74620785641352
8182,41.24764136870587
8183,26.215507911862357
8184,20.18301213176294
8185,19.317344393440248
8186,21.040317343928088
8187,28.79802755811445
8188,39.56553211139018
8189,49.98134030132284
8190,57.15596842106648
8191,61.72206263650686
8192,69.39365085847828
8193,67.296347092853
8194,66.69767076757503
8195,65.30896679981751
8196,65.58641075380667
8197,67.52723868377628
8198,72.34688267411966
8199,73.83537995050415
8200,73.99642344873037
8201,73.23421780360363
8202,73.561883193008
8203,71.72044609948814
8204,68.49677290938352
8205,56.20175328047401
8206,43.704192035529
8207,30.099385859597525
8208,20.93061452330238
8209,18.1476802837935
8210,20.399402888954647
8211,26.02622410880437
8212,32.42465896129038
8213,40.81037283236372
8214,51.285302712247685
8215,62.19410672732782
8216,68.40472007569771
8217,68.11638186551356
8218,68.94055971083655
8219,63.86561636114768
8220,64.86079623861052
8221,69.96168382690894
8222,72.09191362804569
8223,74.54568274849414
8224,73.41119886484934
8225,73.65817009208598
8226,73.79466853596375
8227,68.97074006236463
8228,67.79188002636936
8229,53.7998821081861
8230,39.34497341756221
8231,33.357014182500194
8232,20.617801993209447
8233,16.2910296753419
8234,21.57812408550962
8235,30.106885320354444
8236,37.149481907407484
8237,45.60980931130174
8238,58.92915131722308
8239,64.34700685203785
8240,67.69322888702084
8241,69.00247298526621
8242,67.5860334512748
8243,64.21576987719912
8244,68.1318292248327
8245,69.85149280686572
8246,70.47710905154554
8247,74.55642628918955
8248,75.14264977264041
8249,75.5475048150303
8250,73.18162410790507
8251,72.6848111980027
8252,67.92273218379145
8253,56.425626088697555
8254,47.33416438101764
8255,28.55672094661675
8256,20.979457481047856
8257,18.914071163604245
8258,19.544839196129278
8259,22.092090414379452
8260,34.9894731160681
8261,46.54803602357964
8262,52.1004674732011
8263,64.94243158759664
8264,68.36632562243257
8265,66.89985624845966
8266,58.865544314698454
8267,59.34634680518348
8268,67.58042273232505
8269,70.24383552152867
8270,72.53113158698955
8271,74.28081996896934
8272,74.74794123060428
8273,74.82143673204831
8274,72.82254991550982
8275,71.63078496987168
8276,67.02484648092859
8277,52.79317863208637
8278,37.88977365363605
8279,29.543407687851825
8280,19.380321854294493
8281,16.788312354325754
8282,19.198324926606276
8283,22.154816657980653
8284,31.04927351458123
8285,40.91427927582622
8286,56.26350117989968
8287,64.32248282758225
8288,63.005696148755575
8289,67.0778108697384
8290,65.56490623495124
8291,66.1241838386805
8292,66.42679692654644
8293,70.16669154402989
8294,73.0159365741126
8295,72.6287403468939
8296,75.16522447083698
8297,73.72131846390819
8298,74.26823106553287
8299,72.5738185779069
8300,66.73908970171652
8301,57.437578936409864
8302,48.9485935484131
8303,27.414731450632843
8304,20.598793554696805
8305,18.58546625252934
8306,20.713082027279345
8307,27.230088973946017
8308,28.8089631106019
8309,43.84893185595776
8310,45.825192699033
8311,64.46124101858791
8312,65.73295234090668
8313,63.45718994219384
8314,66.34775680966392
8315,64.6043785209061
8316,68.0376297115817
8317,71.3666257092396
8318,72.2885269255112
8319,74.22135991726805
8320,73.5783411327055
8321,73.93804839696779
8322,73.74352121959052
8323,71.06678275245399
8324,69.38475745829284
8325,60.29171261477317
8326,50.057769741835116
8327,32.05150667481218
8328,23.664224981467818
8329,18.16980034238099
8330,18.675696519152783
8331,23.52031279325221
8332,30.39006592918173
8333,38.432896682477136
8334,52.899424940687034
8335,53.904627162278125
8336,67.19700694649686
8337,62.41737264093502
8338,58.19959241695879
8339,65.78768855454504
8340,59.09273062051832
8341,70.69250687042106
8342,73.93888020145751
8343,72.96444469935213
8344,75.4476225787149
8345,74.56050863523826
8346,73.99999528635931
8347,72.76977127295993
8348,67.04995700131924
8349,58.10160261466015
8350,52.20368286919197
8351,36.1695628806378
8352,22.28769051520966
8353,18.224142291585164
8354,17.92583466474086
8355,23.572340585098484
8356,30.743665175078565
8357,41.34199070020606
8358,47.363989354668085
8359,65.47450544327042
8360,64.3899210535402
8361,69.44228579650816
8362,61.03501585335938
8363,61.86236342382308
8364,70.56651074586173
8365,71.9963996884068
8366,73.90395887947847
8367,74.31371608169128
8368,75.14174592029515
8369,74.58263084431529
8370,74.73999878538324
8371,72.32826415394199
8372,70.07914027709818
8373,65.803454355708
8374,37.185806915127735
8375,36.23517093692608
8376,20.383960832015937
8377,20.598852402829305
8378,18.92496495257302
8379,19.445535534722076
8380,27.62034573487914
8381,37.442992999233
8382,44.90914816835645
8383,51.91412619309505
8384,55.59933153870592
8385,64.16693332781105
8386,58.70595876512165
8387,63.88155081757202
8388,65.43383885568
8389,73.06741915893937
8390,73.38370566540499
8391,74.89906994558916
8392,75.95324923355224
8393,76.29855088654536
8394,73.32110237851035
8395,71.8348402590915
8396,68.23099094046738
8397,64.48873817002556
8398,43.473680367547665
8399,30.377669407358177
8400,23.822699368415556
8401,22.032078298869056
8402,18.025130476069165
8403,25.548381429918713
8404,29.814861750577286
8405,36.80925961157695
8406,46.44095655364385
8407,59.73708747286334
8408,58.49149097142164
8409,60.50444837885852
8410,61.33619556812173
8411,58.62033363237388
8412,69.38937212549341
8413,71.78215237466976
8414,75.15721004674326
8415,75.25835261532305
8416,75.65464276828017
8417,76.53479323441081
8418,75.55670175610452
8419,72.58954128219207
8420,71.97941886101167
8421,61.42817495073462
8422,49.6438151669673
8423,33.37883478644364
8424,24.43472746313864
8425,18.770235659101346
8426,17.750030956969727
8427,23.963608098654483
8428,30.48156092645708
8429,35.43972674652083
8430,42.861338706453964
8431,48.5421654393034
8432,62.61035002601774
8433,58.996896515795505
8434,60.56149269118469
8435,60.062767142921686
8436,66.95976940171742
8437,71.45415445710162
8438,74.51606364602749
8439,75.36277503068068
8440,76.60175788992417
8441,76.45320611701865
8442,75.22509905996813
8443,71.59808578999817
8444,72.0487481267964
8445,59.83694814224746
8446,44.96944873102562
8447,36.60674133866447
8448,24.660336371228123
8449,18.02440096685455
8450,18.70421940268848
8451,20.131402184557132
8452,22.963533135239622
8453,36.781766446761125
8454,46.563757916311474
8455,49.11621492789824
8456,53.988589206476156
8457,60.63692981677283
8458,52.259087250775025
8459,64.30755960259981
8460,69.30931945497724
8461,73.03908120374447
8462,73.91256567997432
8463,77.73154186884598
8464,76.11922728279947
8465,76.5268385656972
8466,75.20028800812125
8467,72.93930260773736
8468,70.63772421520196
8469,65.96989640881011
8470,55.313624020551366
8471,34.15463073303564
8472,29.038857835713536
8473,16.708251975074784
8474,20.027921443947736
8475,20.453261166343566
8476,26.32044823473222
8477,36.87215968814231
8478,45.755249845329466
8479,55.33720674209049
8480,53.20866691396197
8481,55.76462216867854
8482,54.95050060425795
8483,63.712581049808854
8484,65.43917721207978
8485,71.44596059423017
8486,74.2622135949947
8487,76.57646524739926
8488,76.42716245944662
8489,77.1256460584866
8490,74.5069472144936
8491,73.93539003823774
8492,70.82566277523134
8493,64.97125274471769
8494,54.861089717975666
8495,34.91327596151777
8496,22.49118575563004
8497,20.171917250149615
8498,16.94893380755312
8499,19.765536725605017
8500,26.966406083802205
8501,34.23987384901656
8502,44.637436601976525
8503,50.82786080794072
8504,54.998922563486154
8505,45.17575248187614
8506,55.382305934857136
8507,61.64285561392295
8508,69.94355561189886
8509,75.13017644232943
8510,75.32012583103044
8511,78.78065796804613
8512,79.00084991757835
8513,76.31004833037834
8514,74.69404966898836
8515,75.80812529599636
8516,74.02502211031765
8517,65.9105947776993
8518,53.36843991828622
8519,38.22548274082866
8520,29.28892425727143
8521,20.14381035844178
8522,17.662903208942918
8523,18.80224428716818
8524,23.95833123537161
8525,29.98084309750575
8526,42.99946180765706
8527,51.37448928053265
8528,52.32166534147939
8529,43.20960822684059
8530,59.88391354973668
8531,67.4663596895266
8532,67.68043947755265
8533,72.85166926824895
8534,76.5611469725361
8535,76.5682114299357
8536,76.15699406186367
8537,78.56851575112185
8538,74.42036065331799
8539,74.31263085526851
8540,72.3912671640824
8541,68.03482266970067
8542,51.057208427027355
8543,42.36383709413688
8544,28.60425265598751
8545,18.506218549894733
8546,18.77096812316274
8547,17.596262382897716
8548,23.46657031361591
8549,27.85556421246446
8550,39.88110032866567
8551,49.32978544234507
8552,52.29325261479266
8553,47.86282620763848
8554,60.87220545308199
8555,63.62964875846761
8556,71.45864418623313
8557,72.81408169322428
8558,75.3989159357437
8559,77.89895979040546
8560,76.1576784499515
8561,77.78167323873218
8562,74.5445341715894
8563,73.24693629411796
8564,72.52197281567256
8565,69.17365427511784
8566,57.93564162025711
8567,42.017159834170435
8568,31.012984972051278
8569,18.412390756331007
8570,16.054874368673573
8571,19.860984080174486
8572,25.177578453242212
8573,31.354727753582186
8574,39.52745997780817
8575,45.313968564456644
8576,52.48061714815755
8577,48.44159133434044
8578,60.039752603125805
8579,66.78133645700171
8580,68.48089975198388
8581,74.04293251384381
8582,74.25881993942326
8583,76.68684120766214
8584,77.1586673040375
8585,76.99561159804969
8586,74.6893859446574
8587,74.88814660248205
8588,73.31848941451324
8589,66.72459822006994
8590,53.915960522617965
8591,35.63693833515047
8592,31.19612630744548
8593,18.94837012093456
8594,18.317611695395794
8595,19.575597747505732
8596,20.867973401357442
8597,28.020952597975676
8598,39.8187503720621
8599,45.85449641482442
8600,44.53462821380437
8601,56.03890989264577
8602,62.07657762505899
8603,62.061201196532885
8604,72.38439682319442
8605,74.61385019291792
8606,76.48655201473748
8607,77.86209207748439
8608,77.7626091687601
8609,77.26887636189619
8610,76.0622452554729
8611,73.63689558277173
8612,72.74517969846217
8613,67.34937817452447
8614,55.316491879282594
8615,38.4059927003702
8616,27.765055351809014
8617,18.934571477448653
8618,19.937312458613782
8619,19.3221426303394
8620,22.616445086415048
8621,25.179179402186254
8622,34.15156584836167
8623,43.152892129314175
8624,45.50497964361453
8625,56.50123985481787
8626,57.568790607741136
8627,67.12713628539518
8628,73.41968711880233
8629,75.24818695155882
8630,75.03792034734299
8631,76.97841931601157
8632,75.71049096105162
8633,77.52434600982983
8634,76.23435626423287
8635,74.72848960151583
8636,72.25887632837569
8637,69.75462950142355
8638,57.70020189044542
8639,39.010269136405064
8640,29.612865159972635
8641,20.6702792077133
8642,16.871501606179855
8643,19.337596950990605
8644,20.28752119703692
8645,25.86269700578071
8646,40.906437576620135
8647,37.29124298151361
8648,48.874103398047616
8649,52.94802257832005
8650,52.62768469340924
8651,66.60492590085973
8652,72.68021664826146
8653,74.32668059477979
8654,75.14241693304456
8655,78.10509701062162
8656,78.23029769106472
8657,78.0753437304392
8658,75.83262276449211
8659,75.31548103356519
8660,72.47031395181922
8661,68.53109093965587
8662,62.90232461474369
8663,41.652720960469274
8664,31.96785046984728
8665,21.758277828889955
8666,17.765610013250804
8667,19.24933821637744
8668,21.748649065065283
8669,29.69803708587085
8670,37.72132795003428
8671,35.560992901399985
8672,45.57688039701821
8673,45.72228966091922
8674,53.383854555899504
8675,65.28824597407083
8676,72.47685567910843
8677,74.11108741740173
8678,78.65775356120449
8679,77.7706832416999
8680,78.06259722855435
8681,79.16520154279375
8682,76.51727091247837
8683,73.22717359973821
8684,71.49231157799382
8685,69.96541460692656
8686,51.12948300426022
8687,39.921339013361
8688,32.254474012761506
8689,23.81844507886976
8690,16.86044288981986
8691,21.666028771886793
8692,19.991051371205078
8693,25.799329344283628
8694,30.09296761883224
8695,36.755855624731076
8696,43.729020693977006
8697,53.52757293589102
8698,60.338266515208936
8699,71.73838621108344
8700,72.58644456168126
8701,74.72138558487572
8702,76.17135617778197
8703,76.85662628730383
8704,78.36476521433924
8705,76.61829542065108
8706,77.53866726383711
8707,74.56515192957158
8708,74.73780450148219
8709,68.71415449495919
8710,64.84556633707199
8711,40.736891672830076
8712,31.80873372460845
8713,23.915130451990738
8714,18.516360935236516
8715,21.77100828580032
8716,25.050430670361635
8717,25.440025144348503
8718,36.19870980716273
8719,45.909387289353376
8720,43.78723215780508
8721,57.02171119183776
8722,57.51152952834056
8723,70.82888292067256
8724,72.9458168735033
8725,77.11130840154253
8726,77.63684988400338
8727,77.85577871112575
8728,77.19268457468812
8729,78.58178833816675
8730,77.4017901780847
8731,77.65041626484738
8732,72.6599478737736
8733,71.74003064099544
8734,60.07770437861648
8735,43.10261719873585
8736,30.602545411129398
8737,24.946599319712618
8738,19.336740485590706
8739,18.87079642863134
8740,20.94574490250572
8741,25.287810735289227
8742,29.735685496385084
8743,37.226930748590995
8744,45.43850132002901
8745,50.50892528941482
8746,56.81445532623002
8747,69.15865710304278
8748,73.0624664949359
8749,76.234320513503
8750,75.98829243112317
8751,79.4742457922129
8752,79.0603253530306
8753,78.60163879631723
8754,75.98507318146315
8755,76.60226245997944
8756,73.48468221961033
8757,70.5259232666388
8758,66.97094193158007
8759,45.14641100271587
